humidity,temperature,salinity,ec,rain,et0,vpd,days_to_next_watering
14.84,27.7,1282.24,1137.47,0,4.756,2.145,1.522
40.2,39.38,492.33,1721.56,0,5.859,2.511,0.0
30.7,11.78,1432.94,1527.26,1,1.657,0.999,10.727
25.38,38.77,33.49,2080.59,0,6.377,2.749,0.0
24.52,38.24,1163.32,1579.42,0,6.477,2.538,0.397
48.48,37.14,1480.35,1750.51,1,5.937,1.93,3.156
54.78,19.83,695.19,1253.42,1,2.875,0.815,13.873
14.75,32.44,868.32,121.58,0,5.718,2.652,0.0
40.9,22.01,923.05,1531.03,0,3.272,1.24,2.275
21.41,33.7,321.07,1571.3,0,5.184,2.543,1.45
58.18,14.23,1121.04,2206.11,1,1.742,0.684,14.0
55.59,31.66,1225.7,1706.07,0,3.921,1.371,2.677
39.97,10.65,1344.32,1372.57,0,2.224,0.871,4.605
46.4,15.26,1033.29,1460.85,1,2.353,0.869,12.155
33.33,19.94,213.14,1311.78,0,2.903,1.607,2.175
50.42,10.24,159.5,1937.2,1,1.935,0.701,14.0
29.66,14.65,571.19,1770.52,0,2.797,1.57,2.251
23.63,30.03,985.64,1498.6,0,5.183,2.327,0.0
20.28,29.9,348.6,1027.03,0,5.628,2.362,0.0
17.45,34.28,1017.55,1917.25,0,6.28,2.7,1.67
33.92,36.79,812.49,1353.26,0,5.583,2.448,0.0
28.7,13.98,869.79,662.26,0,2.765,1.314,1.007
41.47,31.03,914.8,876.43,1,5.403,2.026,6.313
5.71,10.47,1280.04,240.91,0,3.053,1.702,0.406
29.62,28.67,1498.3,349.36,0,4.543,2.154,0.218
25.08,5.65,122.44,2231.39,1,1.364,0.814,11.959
15.75,6.3,1316.7,1956.37,0,1.032,1.221,0.27
37.72,34.27,1468.87,608.41,0,5.793,2.32,1.515
28.94,30.3,388.29,114.34,1,4.775,2.269,3.347
21.5,15.46,112.37,190.96,0,2.573,1.681,1.094
16.52,31.21,304.91,525.93,0,5.687,2.599,0.0
53.1,15.95,558.79,2074.33,0,1.985,0.968,5.124
48.86,24.55,940.1,350.53,0,4.719,1.599,3.749
38.37,32.1,796.13,464.53,0,5.206,1.94,1.727
23.98,11.7,308.77,1828.87,0,2.755,1.44,0.499
57.08,17.71,119.23,2106.12,1,2.254,0.95,13.2
35.99,17.35,36.68,2143.21,1,2.867,1.32,10.991
28.8,28.55,1059.56,2417.29,1,6.04,2.123,1.564
54.52,12.57,753.82,1599.3,1,1.632,0.747,11.986
22.56,26.66,424.55,1807.73,0,4.677,1.95,0.24
43.28,31.4,761.4,2312.52,0,5.354,1.79,0.0
22.26,13.08,290.19,2352.09,0,3.138,1.577,0.0
19.39,17.77,1013.52,63.92,0,3.683,1.624,1.084
43.55,6.55,546.28,1858.93,1,1.355,0.771,13.085
17.53,23.8,811.82,1675.73,0,4.21,2.203,0.0
32.12,22.66,484.05,2138.09,0,3.437,1.793,0.34
36.9,29.0,1128.85,585.74,1,5.275,1.964,4.259
15.39,23.95,1368.07,1872.71,0,4.984,2.361,0.0
45.22,35.24,620.63,2242.28,0,5.332,2.154,0.0
35.17,34.58,1093.79,199.91,0,5.383,2.447,1.123
39.18,9.08,499.63,659.68,1,1.744,1.009,13.27
25.47,25.66,318.55,1210.79,0,4.464,2.0,0.995
28.11,28.95,173.56,2194.69,0,4.627,2.097,0.0
32.22,21.21,1005.24,2257.94,0,3.969,1.635,1.425
30.85,14.64,1341.49,909.53,1,2.438,1.415,11.019
42.16,10.26,467.45,2390.43,0,1.798,0.715,6.293
36.74,31.33,670.89,2191.12,0,4.562,1.828,1.414
27.89,5.59,729.68,803.92,0,1.144,0.918,4.434
5.1,23.41,358.65,2330.03,0,3.991,2.138,0.201
48.67,39.78,1309.89,378.26,1,6.491,2.134,5.386
33.57,30.22,927.46,743.37,1,4.341,2.119,4.052
22.96,10.82,1144.8,1531.88,0,2.527,1.364,0.957
32.5,34.7,858.59,352.56,0,6.025,2.549,0.0
10.14,27.99,887.2,1165.99,0,4.93,2.305,1.064
54.76,32.37,1057.08,1965.98,0,4.753,1.478,3.331
59.44,14.36,1445.27,331.64,1,2.41,0.801,13.01
8.23,37.99,1202.94,1808.39,0,6.877,2.825,0.444
24.7,28.74,1002.27,2213.56,1,5.592,2.269,2.629
45.15,13.22,1187.23,2259.2,1,1.052,0.692,13.115
22.28,17.11,681.96,1964.8,0,2.621,1.499,0.941
36.19,11.2,1385.48,1715.4,0,2.413,1.141,3.692
27.91,5.34,308.32,1975.88,1,1.312,0.695,12.119
47.58,7.59,850.49,349.03,1,1.377,0.587,13.144
57.72,10.34,1370.13,1425.77,0,1.628,0.577,8.305
53.86,35.48,163.4,2398.87,1,5.4,1.708,6.447
39.15,26.32,317.37,2394.01,0,3.961,1.804,0.0
13.82,20.55,671.72,1512.01,0,4.224,2.161,0.458
57.09,23.19,1361.53,1554.16,0,3.567,1.175,4.023
6.3,37.99,574.1,1508.83,0,6.767,3.038,1.073
21.37,18.7,666.93,1131.71,0,3.246,1.917,0.0
20.49,19.05,151.69,760.37,0,3.759,1.584,1.164
41.95,11.18,1463.75,647.59,0,2.521,1.011,6.405
31.8,10.18,1157.26,1196.29,0,1.673,1.076,4.541
10.11,5.81,928.3,576.67,0,2.239,1.411,0.87
5.71,24.39,991.85,623.88,0,4.549,2.369,0.0
38.24,24.92,956.6,264.57,0,4.175,1.533,1.283
32.03,23.45,1234.76,1146.22,0,4.052,1.825,0.948
38.08,30.86,670.74,1507.18,1,5.146,2.066,4.144
36.02,10.18,1381.64,1322.44,0,1.591,0.904,4.74
53.98,25.21,371.41,405.83,0,3.578,1.135,4.362
55.51,38.06,306.12,2094.49,1,5.628,2.032,4.732
15.35,26.22,1275.35,1707.96,1,4.979,2.31,1.982
56.82,32.21,554.96,1575.8,1,4.493,1.421,8.734
48.32,22.75,446.9,537.69,0,2.927,1.195,3.659
40.15,8.84,209.09,1853.24,1,0.982,0.485,12.782
41.28,39.48,1239.4,1778.2,0,6.432,2.424,1.568
35.03,17.2,1266.54,1113.08,1,3.127,1.398,9.234
55.45,11.08,1022.25,1736.57,1,1.068,0.53,13.071
17.83,25.03,1222.29,661.36,0,4.451,2.246,0.866
37.96,9.21,1283.3,1443.74,1,0.994,1.204,11.954
49.78,18.03,58.51,1059.17,0,3.004,1.004,4.75
12.41,24.13,829.16,1237.15,0,5.035,2.073,0.0
38.85,5.27,1191.79,1244.77,0,1.663,0.851,7.134
27.16,36.04,1282.11,1036.29,1,6.018,2.225,0.368
47.13,13.45,984.65,634.31,1,1.888,0.579,12.952
8.72,25.07,583.94,1133.47,0,4.025,2.48,0.0
38.37,28.57,1080.75,1859.46,1,5.014,1.86,4.0
52.14,19.24,1065.65,1552.19,0,3.001,0.909,4.801
39.56,36.81,258.36,1491.42,0,5.58,2.201,1.182
22.67,32.27,378.64,1137.14,0,4.232,2.405,0.825
41.07,28.19,677.12,2243.9,0,3.937,1.769,0.619
23.6,25.61,1346.5,588.73,0,4.248,2.114,0.0
41.77,32.96,524.4,1846.76,0,5.146,1.955,1.408
12.06,8.22,682.97,1092.09,0,1.54,1.142,1.966
20.4,35.77,954.05,66.5,0,5.559,2.408,1.037
6.8,16.41,1030.91,1018.4,0,3.304,2.104,0.144
9.62,6.73,433.27,1585.41,0,2.009,1.287,1.575
35.51,17.79,110.55,2443.54,0,3.058,1.3,1.387
17.74,16.82,1305.83,2161.75,0,2.568,1.34,2.828
33.38,40.0,90.59,2024.88,0,6.044,2.364,0.0
41.28,15.09,1423.19,2418.58,0,2.462,1.134,2.872
53.47,17.04,463.79,1495.67,0,2.785,0.865,5.071
24.53,34.15,442.6,88.11,0,5.45,2.483,0.867
22.53,33.37,533.85,631.86,0,6.784,2.536,0.579
22.25,21.14,93.56,2058.65,1,3.442,1.776,3.802
11.48,35.53,1087.78,940.68,0,5.91,3.203,0.329
41.48,5.52,983.42,2029.37,0,0.882,0.561,6.745
50.08,30.36,243.98,921.17,0,4.723,1.82,0.965
31.02,7.79,229.83,599.16,0,1.998,1.026,5.523
35.71,10.99,1033.77,928.7,1,2.345,1.305,11.223
57.72,38.65,1397.6,508.65,0,5.784,1.928,1.967
43.44,39.56,508.36,410.68,0,5.669,2.246,0.596
45.98,27.26,1196.76,1153.97,0,3.878,1.562,2.002
53.92,20.69,795.79,2443.45,1,3.385,1.198,10.773
16.87,35.54,131.53,2338.81,0,6.581,2.799,0.349
40.76,19.5,28.65,1916.18,0,2.379,1.251,3.82
44.46,24.27,1166.88,1889.83,0,3.646,1.563,1.504
51.32,8.85,1261.62,1630.84,0,1.312,0.344,7.975
23.91,23.11,788.33,1828.5,0,4.217,2.149,0.593
42.88,9.71,861.9,901.09,1,1.53,0.985,12.474
38.24,16.19,711.44,2193.2,0,2.851,1.369,1.9
27.51,13.63,322.3,1969.31,0,1.856,1.334,1.52
10.59,30.63,953.15,1973.22,0,5.044,2.5,0.0
24.42,27.74,570.01,1120.77,0,5.728,2.221,0.19
57.99,34.27,265.66,1050.44,0,4.197,1.639,1.789
16.91,36.14,566.2,2181.8,0,5.63,2.518,0.58
11.25,8.85,902.2,2336.79,0,2.356,1.536,0.0
25.22,39.65,47.64,2212.28,0,6.942,2.765,0.335
10.55,34.8,1442.8,1384.16,0,7.035,3.022,0.0
19.7,17.33,638.42,427.87,0,3.728,1.593,1.221
55.3,24.98,731.45,1477.26,1,4.335,1.468,11.27
22.53,7.57,731.0,613.69,0,1.196,1.055,4.039
37.22,12.42,325.36,2192.36,0,2.976,1.082,4.187
18.13,16.07,722.75,2357.96,1,3.42,1.749,3.807
41.74,22.85,579.4,1479.01,1,3.306,1.535,7.991
12.02,8.14,489.92,1655.74,0,1.601,1.291,2.548
48.44,39.64,935.78,415.24,0,6.763,2.358,0.909
28.26,36.66,945.2,636.73,0,5.788,2.355,0.0
15.1,18.6,701.87,2237.94,0,3.778,2.078,0.192
46.7,33.79,1289.82,2024.79,1,4.389,1.674,5.084
35.49,22.67,792.0,1969.13,0,3.592,1.793,1.867
29.1,13.5,1197.69,215.09,1,2.72,1.206,10.386
18.23,24.16,797.4,465.16,0,4.138,2.025,1.181
47.98,9.72,678.81,1713.43,0,0.633,0.441,9.027
25.09,27.25,1180.23,1766.75,1,4.105,2.08,2.171
7.37,34.46,818.29,985.4,0,5.903,2.893,0.097
58.1,6.49,1401.62,834.63,0,0.648,0.424,12.594
6.68,7.94,1094.28,1492.7,0,1.89,1.675,1.128
11.63,13.97,1309.48,286.15,0,2.832,1.693,0.0
30.62,10.69,1015.78,917.47,0,2.047,1.141,4.706
16.43,8.22,1014.32,1307.33,0,2.51,1.374,1.465
23.43,31.38,585.54,628.42,0,5.795,2.401,0.0
36.22,13.46,1213.59,170.99,1,2.936,1.361,12.243
57.68,31.25,1341.57,1369.35,0,4.354,1.634,1.166
56.5,15.19,491.17,591.39,1,2.326,0.683,12.173
9.06,20.56,170.91,1083.4,0,3.73,2.201,0.0
51.93,30.82,32.77,424.49,1,5.195,1.437,9.362
14.23,36.94,246.61,1542.84,0,5.787,2.657,1.531
49.63,21.08,544.3,709.85,1,3.167,1.217,12.233
21.3,17.17,206.89,562.32,0,3.428,1.658,0.917
44.48,28.06,431.69,2456.57,0,4.49,1.919,0.271
44.53,13.66,938.51,374.71,1,1.741,0.998,12.414
51.78,13.27,181.67,2329.96,1,1.767,0.774,14.0
58.88,10.19,790.92,1177.83,1,2.326,0.606,13.498
20.15,14.96,1306.55,1582.36,0,3.106,1.672,1.579
39.56,24.61,246.47,2177.02,1,4.218,1.749,5.751
45.66,27.16,15.79,1114.24,0,4.766,1.81,1.102
9.38,37.64,1015.88,1487.27,0,6.809,3.099,0.0
41.46,15.08,51.77,187.78,0,1.745,1.124,4.849
22.68,31.19,1056.52,2461.38,0,5.327,2.283,0.075
13.88,27.05,947.21,51.12,0,4.004,2.146,2.414
35.22,38.17,91.89,2339.29,0,6.738,2.558,0.928
30.4,38.76,1057.71,1219.56,0,6.564,2.603,0.0
36.74,21.48,1092.79,1981.06,0,3.455,1.688,2.368
40.31,19.18,775.05,1692.17,0,3.061,1.341,2.714
32.43,34.34,1495.56,1768.43,0,4.99,2.377,0.841
54.78,5.77,288.31,1851.31,1,0.247,0.376,14.0
14.79,30.78,1223.63,600.24,0,5.119,2.293,1.869
20.88,34.43,976.61,1519.79,0,6.252,2.52,0.0
24.59,36.14,87.12,608.71,0,5.09,2.265,0.0
47.59,5.7,1210.03,162.03,1,1.1,0.516,13.518
40.87,26.43,839.29,798.77,0,4.586,2.174,0.951
16.35,19.19,378.59,847.0,0,3.775,2.05,0.0
45.94,7.42,1406.73,2443.29,1,1.757,0.84,11.027
47.43,32.87,957.95,578.01,0,5.403,1.872,1.628
47.36,19.38,603.29,126.9,0,3.1,1.096,5.693
9.31,25.13,1188.71,2219.9,0,4.522,2.283,0.0
16.67,17.78,825.21,1261.88,0,3.687,1.914,0.124
54.25,15.47,1048.05,272.57,0,2.167,0.705,6.715
53.37,33.13,1350.84,589.68,1,5.666,2.15,6.184
16.31,33.94,1396.39,2437.26,0,5.875,2.566,0.0
35.33,10.15,208.08,501.92,1,1.262,0.964,12.674
19.45,22.75,878.3,991.25,0,4.039,2.182,0.0
27.9,9.93,579.85,2252.51,1,2.591,1.221,9.874
6.15,9.14,693.08,2427.17,0,2.337,1.721,0.977
20.5,9.41,65.96,2449.56,0,1.817,0.96,1.526
19.89,32.59,196.79,234.52,0,5.148,2.447,0.231
55.55,32.47,1243.31,132.63,0,4.876,1.696,0.535
37.34,20.63,1167.89,2173.88,0,3.59,1.503,0.41
14.76,11.28,245.21,2043.1,0,2.536,1.772,1.373
28.52,5.88,1061.72,707.3,0,1.658,0.838,3.742
32.11,7.72,750.43,593.08,1,1.302,0.991,12.06
40.05,37.08,1347.36,120.98,0,6.291,2.545,0.0
34.28,16.45,587.4,1588.24,0,2.766,1.03,2.127
28.15,9.18,461.86,1185.7,1,1.611,0.9,11.567
22.09,37.45,39.36,2245.54,0,5.947,2.64,0.0
36.62,37.38,369.28,1043.68,0,5.752,2.24,0.909
58.67,20.19,12.57,1382.46,1,2.999,0.832,13.92
35.41,16.59,713.27,1273.65,1,3.081,1.369,9.715
53.79,13.07,447.99,995.65,0,3.139,0.97,7.414
5.84,25.29,623.96,1031.64,0,4.51,2.236,0.083
16.17,13.17,258.68,1292.61,0,3.25,1.75,1.129
52.56,13.54,793.87,2391.88,1,1.989,0.653,12.723
36.32,37.52,970.08,2462.65,0,6.614,2.306,1.777
31.82,7.1,529.31,1003.13,1,1.792,1.078,12.963
25.28,11.61,384.5,1664.66,0,2.184,1.4,1.253
21.24,7.74,1045.21,2076.23,1,1.918,1.191,8.002
42.34,6.3,1214.21,221.16,1,1.827,0.649,14.0
25.12,8.46,577.03,1438.78,1,1.647,1.128,10.387
28.94,37.21,1062.09,2241.95,0,5.961,2.349,0.0
47.73,38.19,1428.13,1540.52,0,6.654,2.359,1.18
57.04,39.28,978.54,1565.94,0,5.945,2.113,0.0
59.65,17.02,1240.39,1440.38,1,1.744,0.55,12.98
31.67,39.12,1479.56,949.73,0,6.147,2.728,0.0
12.6,37.27,747.87,649.43,0,6.007,2.691,0.0
6.37,16.33,1463.2,1639.22,0,3.297,2.053,0.444
32.21,25.54,240.91,1380.31,0,4.371,1.66,0.532
9.2,27.19,838.16,1925.63,0,4.938,2.753,0.0
11.47,11.18,717.53,424.7,0,2.576,1.762,0.951
17.92,31.95,741.24,2084.15,0,5.153,2.655,0.656
59.56,26.45,38.79,500.19,1,3.894,1.414,13.242
13.92,16.24,1473.1,268.4,0,3.313,1.594,0.711
11.06,30.86,192.5,1488.63,0,6.022,2.435,0.0
55.38,20.82,166.28,1597.29,1,2.414,1.318,12.936
39.21,9.53,1194.19,1216.25,0,1.239,0.963,5.649
45.69,19.72,1258.64,376.23,0,3.444,1.34,3.282
24.51,9.1,591.23,1121.95,0,1.595,1.061,2.174
56.36,19.34,884.01,2133.84,1,2.263,0.94,12.201
58.69,13.8,1197.35,148.83,1,1.66,0.628,14.0
35.72,7.53,1395.54,630.84,0,1.927,0.939,5.453
59.28,10.03,224.5,789.27,1,1.759,0.657,13.389
32.82,8.58,1072.68,226.52,0,1.966,1.284,3.234
29.19,31.11,739.56,1737.8,0,5.251,2.217,0.991
48.2,35.49,1387.14,1288.99,0,6.323,2.071,0.0
40.43,14.03,792.77,1388.25,0,2.326,0.982,4.878
16.03,19.5,101.97,1235.97,0,3.376,1.593,0.166
33.32,36.48,1454.96,1412.76,0,6.021,2.5,0.0
5.91,16.86,1416.25,1565.62,0,3.754,1.741,0.803
53.16,26.82,148.33,176.4,0,3.775,1.398,3.661
34.83,30.22,281.45,1670.44,0,5.282,2.059,0.012
7.54,25.95,137.7,2175.96,0,5.106,2.503,0.731
56.58,39.61,731.0,517.98,0,5.881,2.04,0.563
59.97,7.19,184.8,570.66,1,1.296,0.452,12.103
45.55,8.76,1280.04,238.29,0,1.379,0.866,8.605
28.72,39.53,544.8,363.16,0,6.747,2.572,0.247
37.53,24.8,988.29,594.56,0,3.898,1.544,0.484
5.56,18.03,858.26,908.51,0,3.363,2.121,0.0
10.96,37.96,1417.49,930.05,0,6.985,2.998,0.0
23.2,36.84,1271.66,267.48,0,6.173,2.673,0.0
27.62,35.89,1169.74,1989.02,0,5.835,2.578,0.318
46.58,6.0,22.64,1076.46,0,0.454,0.299,11.682
14.39,19.27,620.06,1528.34,0,3.447,1.879,1.114
11.39,34.13,993.93,1046.01,0,6.388,3.007,1.971
43.36,19.77,657.6,1069.22,1,2.97,1.249,10.499
53.84,29.19,159.07,389.48,0,4.186,1.652,3.184
53.38,33.79,296.44,1148.96,0,5.239,1.72,2.169
45.81,28.66,980.16,1167.6,1,4.536,1.888,6.729
59.1,14.83,30.9,802.09,1,3.088,0.745,13.522
33.72,30.14,775.99,1429.9,0,4.199,1.928,0.818
47.6,37.99,592.41,210.09,0,6.231,2.416,0.625
27.94,19.95,157.72,1810.65,0,3.829,1.281,0.0
24.43,15.82,1180.15,355.81,0,2.7,1.39,1.595
55.1,27.47,976.61,1224.31,0,3.655,1.597,1.069
28.69,13.52,1367.45,763.37,1,2.252,1.157,9.767
46.06,16.74,1070.47,1197.97,1,2.105,0.914,12.602
32.34,18.06,1274.11,333.38,0,2.708,1.259,1.636
11.17,34.33,1130.95,1822.05,0,5.969,2.694,0.94
11.98,31.08,452.28,337.48,0,5.081,2.599,0.0
33.06,34.99,930.79,1773.44,0,6.047,2.125,1.003
43.92,5.12,1145.05,985.02,0,1.445,0.616,8.288
45.84,11.36,1005.69,443.76,1,2.313,0.908,13.116
23.46,36.96,193.77,75.42,0,6.031,2.736,0.0
5.51,25.92,1083.56,971.17,0,4.338,2.297,1.343
34.33,38.13,1475.67,1810.51,1,5.832,2.522,1.605
15.43,18.59,717.57,1188.98,0,3.217,1.726,2.055
22.61,12.1,1046.03,842.62,0,2.597,1.364,2.668
36.15,27.55,285.15,1921.91,1,4.765,1.909,5.508
26.55,12.24,416.02,470.68,0,3.201,1.564,3.107
30.25,14.86,1236.63,2263.11,0,2.131,1.526,0.27
7.78,19.39,430.93,267.0,0,4.5,2.19,0.0
15.07,31.45,687.22,1789.18,0,6.16,2.766,0.0
51.3,23.99,195.56,1559.43,1,3.407,1.229,11.561
33.15,24.81,874.76,786.91,0,4.108,1.694,0.83
53.68,22.04,791.28,1816.97,1,3.678,1.223,10.441
52.15,38.24,932.18,1391.63,1,6.115,2.242,4.914
15.62,39.9,477.97,2039.94,0,7.033,3.058,0.331
26.98,22.53,734.74,1168.64,0,4.624,1.862,1.176
33.92,23.87,170.01,1376.86,1,4.123,1.974,5.458
10.36,5.26,1310.19,1589.66,0,1.665,1.374,0.444
9.69,31.71,665.81,216.39,0,4.614,2.694,0.122
51.28,29.51,207.76,346.25,1,4.42,1.598,11.233
50.47,7.69,923.96,380.17,1,0.982,0.686,14.0
26.08,9.56,1160.1,1686.94,0,0.82,1.032,3.726
43.86,7.0,788.04,2110.35,0,2.031,0.755,6.424
33.49,20.05,1200.32,760.51,0,3.797,1.664,1.723
46.12,24.87,177.74,1810.91,0,3.416,1.569,3.575
22.34,7.77,1414.6,657.4,1,1.673,1.35,10.746
31.07,38.25,197.37,1419.43,0,6.682,2.815,0.0
54.11,6.85,722.56,1964.1,1,0.234,0.291,14.0
49.92,10.45,1069.0,1618.33,1,1.324,0.801,13.954
22.05,32.61,841.74,2064.33,0,5.423,2.342,0.0
53.5,27.9,601.2,196.09,0,4.142,1.582,3.971
26.93,34.73,1335.04,1102.07,0,5.876,2.401,0.519
42.53,36.76,192.07,2198.89,0,5.462,2.139,0.0
44.13,39.42,1123.44,802.55,0,7.153,2.28,0.024
27.09,26.28,261.72,2147.68,0,4.182,2.108,0.0
50.49,25.11,157.94,660.03,0,3.391,1.471,3.788
30.59,5.52,249.39,1354.27,0,1.51,0.853,7.238
57.84,21.58,1033.07,1452.54,0,3.962,1.288,3.972
56.52,14.85,71.68,1103.45,1,1.849,0.963,14.0
54.51,7.16,877.91,1609.88,1,0.922,0.462,12.159
54.96,26.71,987.14,128.23,0,4.054,1.208,3.263
13.09,6.59,870.45,527.22,1,1.972,0.948,10.092
40.66,27.05,443.58,1819.02,1,4.395,1.712,7.255
45.76,38.71,258.04,496.49,1,6.375,2.347,4.283
34.08,19.59,586.96,1195.05,0,2.528,1.357,1.863
34.11,27.95,1471.31,1550.07,0,4.156,2.135,0.259
16.08,5.33,388.16,2244.73,0,1.074,1.045,2.377
13.84,17.45,912.72,1625.42,0,3.443,2.06,2.329
48.07,8.86,236.36,1115.36,0,1.451,0.858,8.99
13.23,13.89,152.59,2325.6,0,3.063,1.807,0.956
45.05,5.87,695.38,856.17,1,0.807,0.46,13.98
9.24,22.21,922.33,2322.66,0,3.969,2.44,0.0
27.67,32.21,426.7,687.52,0,5.592,2.287,0.0
6.32,30.61,1379.47,1169.09,0,6.049,2.671,1.842
41.32,39.44,1379.5,1433.54,0,6.319,2.388,0.0
21.11,36.56,132.85,1952.73,0,5.728,2.466,1.205
30.72,29.74,1220.83,1766.0,0,4.74,2.228,0.306
20.75,31.61,226.66,360.11,0,5.467,2.615,0.058
33.37,25.39,558.38,291.77,0,4.514,1.973,2.417
41.17,5.62,1090.23,1668.58,1,0.643,0.605,12.865
14.18,31.78,594.84,85.07,0,5.296,2.483,0.0
47.74,26.49,1113.19,354.22,0,4.134,1.498,2.632
48.04,37.66,899.95,872.78,1,6.045,2.374,4.958
56.82,11.52,1328.36,2039.71,1,1.673,0.773,14.0
25.94,37.62,169.23,730.24,0,6.287,2.599,0.808
53.02,10.69,1381.73,1009.31,0,1.527,0.57,8.6
10.15,7.25,1234.14,1584.48,1,1.274,1.22,7.57
59.66,27.15,1014.75,2194.68,1,4.185,1.304,10.696
16.67,16.35,1136.75,2103.31,0,3.351,1.652,0.563
25.56,23.64,967.87,1609.71,0,4.576,2.118,0.0
10.14,18.2,9.55,2081.14,0,3.722,1.725,0.0
50.93,11.32,290.75,485.31,0,1.954,0.725,8.995
31.73,34.99,726.12,750.24,0,5.678,2.603,0.562
57.93,33.09,321.94,1394.85,0,4.943,1.699,2.361
12.95,15.02,507.42,413.89,0,3.031,1.697,1.163
54.05,16.69,166.49,1270.9,1,2.288,0.674,14.0
24.78,31.8,819.06,2409.37,0,5.724,2.496,0.396
18.0,20.96,637.32,1220.92,1,3.338,1.919,4.384
41.14,29.51,1077.72,225.13,0,4.909,1.765,0.733
6.66,37.1,261.16,1832.34,0,6.553,3.15,0.145
33.9,34.29,234.48,1235.18,0,5.437,2.269,0.077
31.05,25.92,174.52,1383.94,0,3.932,1.694,0.0
7.67,32.58,1349.7,1821.06,0,5.207,2.828,0.0
28.88,11.49,1054.09,474.51,0,2.091,1.361,3.308
21.77,34.5,1314.47,454.71,0,5.705,2.458,0.0
18.68,13.71,262.01,1717.65,0,3.277,1.829,0.291
56.17,19.8,443.7,909.19,0,2.619,0.884,6.511
37.91,26.31,1119.05,1486.04,1,5.271,2.092,6.189
13.48,16.36,418.92,2290.98,0,2.981,1.748,0.172
46.64,33.94,506.67,356.48,1,5.199,2.304,6.027
25.33,25.8,621.44,1959.79,1,4.057,2.059,2.825
37.94,38.24,713.51,1757.46,0,5.535,2.37,0.0
25.9,14.76,209.47,1978.96,0,2.633,1.311,1.358
40.12,29.51,1410.16,519.66,1,4.568,1.83,7.62
42.51,10.39,909.29,580.78,0,1.933,0.646,7.323
20.59,11.0,1348.56,1010.92,0,2.253,1.271,0.362
50.71,23.05,904.28,2375.76,0,3.774,1.524,2.403
39.0,36.53,213.14,212.3,1,5.654,2.168,4.612
38.29,21.53,1471.41,477.28,0,3.538,1.722,1.672
16.99,24.53,1121.55,50.45,0,4.989,2.123,1.957
18.97,38.28,1282.53,830.6,0,6.601,2.831,0.0
26.75,12.13,1021.54,589.89,1,2.215,1.314,10.087
6.86,34.45,33.1,1638.03,0,6.049,2.765,0.05
8.01,31.76,1433.34,1261.3,0,5.329,2.869,0.0
41.45,28.33,84.21,1023.64,0,4.844,1.743,0.467
22.41,18.28,86.2,552.64,0,2.525,1.604,0.584
44.61,35.31,540.53,569.73,1,5.937,2.302,5.186
9.12,38.94,512.4,1187.29,0,6.502,2.985,0.0
45.71,18.49,793.72,555.77,0,3.403,1.035,4.769
16.78,19.6,917.37,682.38,0,3.699,1.82,0.016
52.83,30.76,1234.21,1412.02,0,5.051,1.786,0.884
54.86,23.36,1474.88,1505.86,0,2.969,1.198,1.817
42.91,12.23,1178.97,1866.75,0,1.833,0.99,4.559
26.69,36.15,1377.95,1452.48,0,6.207,2.634,0.0
6.41,28.65,1429.03,1669.68,0,5.12,2.735,0.0
46.86,20.44,945.01,1866.96,0,3.397,1.519,3.273
35.95,19.42,437.9,297.85,0,4.358,1.651,0.953
9.53,27.07,241.07,233.55,0,4.461,2.49,0.0
36.39,15.82,115.26,1500.25,0,2.233,1.169,1.837
5.34,26.68,974.06,164.03,0,4.616,2.497,0.0
29.83,9.09,1384.11,174.47,1,1.483,0.899,11.938
38.73,18.7,1060.78,460.57,0,3.109,1.291,0.395
49.15,33.27,869.76,1820.79,1,4.983,2.02,4.091
20.98,9.86,1341.87,824.78,0,2.103,1.335,1.715
17.76,29.52,1005.99,51.86,0,4.746,2.307,0.0
23.21,29.99,718.35,1407.83,0,4.993,2.323,0.978
8.26,30.94,1237.99,668.48,0,5.744,2.526,0.0
56.23,6.14,1161.78,720.19,1,0.87,0.491,14.0
53.43,33.92,1391.78,1685.1,0,4.767,1.825,2.159
38.12,14.1,1213.05,1202.38,0,2.979,1.427,2.859
9.1,11.07,486.37,149.47,0,2.215,1.461,2.126
9.6,8.64,1416.19,1001.55,0,2.09,1.36,1.02
56.26,25.89,750.36,964.73,1,3.769,1.285,11.115
11.87,30.12,45.33,1996.81,0,5.379,2.573,0.0
13.01,27.32,1066.16,324.22,0,4.718,2.379,1.364
48.2,37.31,672.7,1446.43,1,5.703,2.108,5.666
21.58,18.52,747.84,111.21,0,3.597,1.905,1.474
27.64,8.62,1182.05,2252.32,0,1.548,1.186,2.901
27.55,15.21,859.95,563.0,0,3.582,1.235,2.575
43.5,11.91,557.17,1963.95,1,1.651,0.916,12.967
30.98,30.23,279.16,1801.34,0,5.062,1.904,0.543
49.67,32.08,954.28,2203.66,0,5.219,2.08,1.922
32.28,21.81,899.98,971.15,0,3.493,1.564,1.967
20.98,14.19,30.39,1104.64,0,2.696,1.6,1.837
15.7,20.96,507.29,2095.79,0,4.145,1.932,0.289
46.53,28.42,1176.01,864.6,0,4.991,1.634,1.372
17.07,10.95,1364.84,411.4,0,1.562,1.192,1.393
38.49,23.33,1021.1,1563.19,0,4.693,1.569,0.963
38.08,13.29,1178.64,746.05,0,2.503,1.077,3.255
57.98,31.82,680.5,877.86,1,4.443,1.679,12.598
9.93,23.4,340.96,1318.06,0,5.01,2.426,0.495
16.41,22.03,592.96,1164.91,0,4.504,2.254,0.0
41.39,23.04,525.19,1844.65,1,3.825,1.923,8.498
23.2,17.04,1078.02,2347.86,0,3.853,1.348,0.0
12.07,34.9,752.72,2098.13,0,6.23,3.109,0.0
54.25,5.77,1029.94,943.29,1,1.301,0.444,12.549
45.23,14.37,1147.64,1781.27,0,2.287,1.1,4.873
17.24,15.95,637.83,669.41,0,2.686,1.668,0.0
10.24,11.36,166.4,1295.81,0,2.905,1.621,0.484
51.33,29.04,1253.98,483.49,0,4.778,1.73,0.0
36.35,5.9,1296.33,2256.69,0,2.37,0.837,4.043
56.13,26.37,444.79,763.85,0,4.505,1.256,5.618
33.44,30.94,624.77,880.27,0,5.158,2.005,0.981
17.7,14.66,880.11,2253.18,0,3.171,1.493,0.857
12.35,14.62,86.1,1437.41,0,3.44,1.653,0.655
27.99,20.96,482.78,1904.05,0,3.703,1.541,0.785
42.62,16.85,1291.42,2164.45,0,2.89,1.06,2.128
5.24,14.44,660.78,204.64,0,2.791,2.054,0.0
26.74,27.64,1082.3,1460.39,0,4.612,2.208,1.302
27.21,14.6,333.14,2331.77,1,2.445,1.356,7.739
41.91,29.32,1489.06,66.8,0,4.842,1.731,1.347
15.72,17.88,1277.83,1289.29,0,2.825,1.609,0.0
53.18,34.5,899.74,547.72,0,4.939,1.848,1.876
22.88,38.16,1389.58,1209.16,0,6.462,2.431,0.691
50.47,30.84,1382.86,888.79,0,5.452,1.83,0.637
50.52,17.28,956.53,593.64,0,2.452,1.045,4.345
53.67,26.08,1166.31,833.09,1,3.823,1.294,11.153
19.24,32.22,1310.59,1308.92,0,5.527,2.268,0.148
51.19,17.66,1184.06,782.74,0,2.686,0.92,5.115
17.68,24.09,1130.0,623.13,0,4.777,2.258,0.0
26.97,9.37,773.51,357.62,1,2.352,1.255,11.581
14.77,22.02,937.89,470.49,0,3.524,2.084,0.0
31.63,19.41,687.33,1763.77,1,2.855,1.612,7.256
9.14,14.7,613.7,2300.68,1,3.277,1.853,4.212
57.63,12.95,712.96,1732.78,1,2.735,0.765,13.914
5.71,9.18,346.71,2082.9,1,2.238,1.398,5.325
32.31,8.11,51.42,454.93,0,1.075,0.986,4.235
51.1,5.76,810.15,1731.15,0,0.558,0.397,11.152
12.29,8.95,906.17,2435.61,0,2.185,1.508,0.878
37.84,39.08,1209.52,2381.82,0,6.282,2.358,0.0
34.21,11.09,1094.88,77.44,0,2.095,1.039,4.141
46.66,18.59,510.63,428.21,1,3.461,1.227,12.037
43.42,39.67,884.67,925.23,0,6.325,2.454,0.027
50.38,19.09,313.99,227.8,1,2.396,1.022,12.654
48.63,35.33,296.3,2440.94,0,5.764,2.085,1.007
37.06,14.23,747.9,201.69,0,1.588,1.151,3.794
24.25,38.51,1302.72,1218.77,0,5.724,2.575,0.0
10.91,20.51,812.13,2427.6,0,3.214,2.103,0.238
14.01,28.24,44.62,2386.97,0,4.259,2.302,0.211
52.92,16.23,1334.63,1377.84,1,3.439,0.777,12.507
19.66,12.25,532.12,835.64,0,2.716,1.701,2.734
54.17,11.93,448.18,1419.35,0,1.161,0.745,7.765
21.83,13.3,1191.62,603.47,0,2.905,1.319,2.649
8.15,24.21,1119.09,261.34,0,4.476,2.446,0.333
20.95,24.72,158.53,1744.86,0,4.383,2.112,0.777
26.16,29.44,904.58,394.94,0,5.469,2.26,0.565
10.7,18.99,1014.81,571.46,0,3.287,2.021,1.586
28.64,9.74,1370.8,2357.45,1,1.749,0.95,9.898
48.89,26.73,833.45,123.9,0,3.574,1.346,2.25
27.76,8.89,496.45,1891.57,1,1.749,1.103,11.758
32.16,38.04,542.43,619.3,0,6.121,2.295,0.283
59.93,31.6,475.35,1502.19,1,4.567,1.502,11.925
16.84,25.06,130.62,644.75,0,4.156,1.911,0.6
34.92,8.87,443.24,1249.94,1,1.552,0.873,12.289
59.33,21.47,383.48,1373.24,1,2.893,1.071,12.252
32.26,10.37,1122.15,2157.66,0,1.721,1.042,2.797
37.53,39.3,1294.35,314.02,0,6.203,2.527,1.507
35.07,19.59,1346.08,1802.04,1,3.092,1.505,7.55
11.34,28.0,484.81,1585.5,0,4.879,2.521,0.0
44.39,9.04,658.75,1721.32,1,1.394,0.796,12.436
55.16,20.0,290.41,2350.3,1,3.419,1.169,12.402
55.96,10.73,1496.49,1861.2,1,1.793,0.522,12.525
37.27,25.17,1028.55,1338.17,0,3.897,1.847,0.0
24.39,39.36,1272.54,178.61,0,6.792,2.745,0.574
42.15,20.27,1389.85,1221.28,0,3.672,1.409,2.741
56.95,29.8,694.86,2383.26,0,4.48,1.543,1.357
58.8,8.11,804.15,2024.23,1,1.367,0.336,13.692
20.56,13.75,642.18,1098.6,0,2.246,1.584,1.878
56.46,9.39,1400.64,1555.72,0,0.591,0.269,10.312
45.17,11.28,1032.09,2033.77,0,1.691,0.684,5.715
52.95,10.71,203.63,2042.24,1,1.789,0.398,13.0
14.21,27.59,928.16,530.86,0,5.479,2.455,0.205
58.69,21.21,148.0,447.2,1,3.247,0.998,13.109
46.44,25.23,391.53,1592.1,1,3.718,1.602,8.802
14.16,26.42,1284.93,2350.93,0,4.363,2.574,0.9
34.71,16.73,991.07,213.4,0,3.176,1.462,3.843
11.13,34.83,1325.94,1376.99,0,5.687,2.48,0.0
44.85,23.21,167.41,2370.71,1,3.741,1.31,9.193
37.73,35.61,1397.33,1240.38,0,5.824,2.413,0.78
36.81,32.7,640.92,442.75,1,5.034,2.119,4.509
51.6,29.58,458.36,1083.88,0,3.858,1.802,1.78
47.34,22.72,1479.81,249.41,0,3.082,1.675,3.336
10.04,34.16,153.84,2096.67,0,5.705,2.676,0.0
46.92,28.9,56.0,1173.28,0,4.352,2.069,1.069
34.78,31.12,339.4,1696.92,0,4.908,2.075,0.652
15.38,7.18,1227.36,636.65,0,1.863,1.278,1.879
24.09,18.91,961.54,1868.12,1,3.69,1.821,3.271
33.01,27.99,1306.12,915.48,0,4.355,2.511,0.172
52.24,7.48,1067.6,1751.43,1,1.056,0.501,13.636
53.5,22.73,1450.51,1025.67,1,3.692,1.514,11.776
10.62,23.9,1341.08,2196.84,0,5.189,2.409,0.0
29.32,14.09,776.56,1784.75,0,2.434,1.361,0.996
51.39,15.23,1205.13,270.2,0,1.511,0.989,9.471
38.13,30.5,1224.22,1914.25,0,4.158,1.863,2.051
52.03,7.84,190.16,767.45,1,1.739,0.479,13.192
37.85,5.36,1058.06,540.36,0,0.376,0.503,9.466
17.27,37.6,710.02,1454.51,0,6.514,2.936,0.0
32.66,29.92,165.57,1126.26,0,4.569,1.92,1.532
33.33,24.48,645.54,993.32,0,3.677,1.779,0.224
54.17,32.03,27.05,77.21,0,4.288,1.483,2.579
24.57,14.33,697.25,2048.76,0,2.908,1.322,1.789
17.92,28.96,10.46,408.56,0,4.321,2.099,0.0
46.19,25.87,1213.69,205.61,0,4.843,1.572,0.854
28.08,15.48,297.92,1209.94,0,2.088,1.316,1.371
31.64,15.19,362.1,252.99,0,2.855,1.315,2.347
58.71,22.0,1331.72,1719.04,0,3.567,1.284,3.487
42.11,8.07,651.77,1031.97,0,1.367,0.955,7.089
41.95,30.09,459.29,745.73,1,3.993,1.632,8.206
56.36,37.01,99.05,405.41,0,5.854,1.702,1.127
44.4,36.73,908.99,2223.94,1,5.785,2.261,3.46
57.51,25.62,1159.04,2055.76,1,3.409,1.357,9.948
39.83,12.42,44.55,366.59,0,2.549,1.094,6.38
37.31,5.3,1347.58,2300.8,0,0.794,0.799,6.324
20.63,24.04,268.75,2127.41,0,4.395,2.205,0.402
17.69,13.67,782.42,432.42,0,2.277,1.633,1.337
34.23,15.11,98.01,2104.0,0,3.298,1.353,0.526
8.25,28.28,1119.61,1677.81,0,4.72,2.524,0.073
14.26,9.3,1292.63,810.77,0,2.782,1.262,1.215
43.96,26.06,334.75,1138.97,1,4.062,1.664,9.392
42.35,31.12,1021.19,1798.84,0,4.706,2.018,2.236
6.56,6.21,980.08,160.29,0,0.986,1.251,0.491
13.97,24.62,1419.01,686.41,0,4.789,2.492,0.0
38.98,30.26,877.22,1300.02,1,5.075,2.114,4.36
27.42,20.16,705.92,397.62,0,3.555,1.422,0.485
37.39,15.55,267.91,2050.58,1,2.764,1.285,10.88
12.08,10.48,257.15,466.48,0,2.199,1.465,0.728
52.44,38.44,246.48,256.88,1,5.191,2.324,7.125
19.24,19.25,32.22,2171.9,1,3.517,1.981,2.997
25.59,11.84,849.29,416.13,1,2.692,1.452,9.24
29.72,6.78,1286.97,1992.47,1,2.118,0.986,12.159
37.61,13.21,1254.63,1442.95,1,2.674,1.217,12.056
58.93,33.99,400.71,1240.31,1,5.383,1.871,9.128
16.52,11.48,718.18,1250.65,0,2.161,1.281,1.315
13.93,28.48,1298.65,2079.73,0,4.825,2.432,0.0
12.99,37.08,245.32,2243.98,0,5.127,2.862,0.382
47.61,18.46,686.47,1481.48,0,3.241,1.171,3.532
26.04,23.56,619.07,2088.35,0,4.39,2.038,0.2
55.98,10.44,1402.27,2341.35,1,1.593,0.501,13.665
8.66,12.99,966.11,2089.49,0,2.448,1.534,0.393
34.24,18.53,1126.04,1465.64,1,3.304,1.268,9.948
46.65,28.9,1360.05,267.07,1,4.684,1.833,7.793
32.89,21.98,421.65,658.89,0,3.282,1.478,0.81
27.36,34.73,126.39,939.52,0,5.478,2.366,0.504
49.63,31.17,1300.86,175.12,0,4.805,1.841,0.856
33.0,24.88,914.72,1301.28,0,3.956,1.679,1.329
54.86,20.19,974.39,646.32,0,2.028,0.803,6.597
18.12,24.57,537.44,1073.4,0,4.376,2.102,0.61
37.92,20.2,1252.41,519.44,0,3.159,1.488,1.985
39.9,21.36,1288.39,1190.12,0,3.685,1.278,1.37
54.89,15.66,1018.13,794.29,0,3.305,0.94,7.266
10.13,10.99,608.24,1356.48,0,1.323,1.417,0.0
49.31,38.75,339.04,478.96,1,6.111,1.891,5.921
42.59,6.66,1264.91,2380.89,0,1.076,0.763,5.768
52.33,6.77,133.52,1125.36,1,0.766,0.487,14.0
38.49,8.83,770.87,258.41,1,1.297,0.883,12.866
29.96,18.99,686.52,1072.84,0,3.187,1.348,2.481
48.8,22.84,43.78,383.89,1,3.465,1.052,12.431
20.63,15.69,262.64,1510.07,0,3.911,1.564,0.0
8.05,31.03,969.82,513.62,0,5.155,2.581,0.167
46.25,17.61,1137.45,2234.12,0,2.303,1.01,2.78
49.68,9.3,886.0,125.55,0,0.707,0.632,10.842
50.58,19.99,1190.03,1389.37,1,2.82,1.286,11.44
29.62,20.56,263.82,880.34,0,3.437,1.494,0.272
45.3,22.82,8.42,727.87,0,2.694,1.436,4.095
44.25,15.42,299.76,2287.45,0,2.02,1.044,4.097
20.87,19.42,168.93,425.37,0,3.678,2.115,0.978
47.1,17.17,604.13,2229.0,0,2.196,1.029,2.927
58.03,11.34,429.68,1195.95,1,1.932,0.415,14.0
24.37,17.49,1459.56,1812.94,0,3.102,1.633,0.777
20.04,27.56,137.38,552.08,0,5.058,2.638,1.384
37.11,39.16,33.41,1798.65,0,5.813,2.295,0.0
53.28,22.24,1293.67,1545.52,0,2.929,1.109,3.151
38.46,22.05,255.91,691.04,0,4.138,1.517,0.609
58.35,14.75,168.75,2396.5,1,1.867,0.561,14.0
55.74,19.02,21.98,1864.93,0,2.334,1.125,6.389
44.09,36.41,1242.87,2078.65,1,5.441,2.017,3.796
43.88,11.97,495.18,169.66,1,2.141,0.93,11.971
14.79,21.29,161.1,1653.98,0,4.362,1.988,1.987
23.76,38.06,1054.08,1464.62,0,6.882,2.83,0.295
49.56,29.65,987.52,950.37,0,5.075,1.886,0.0
27.03,26.35,594.36,400.23,0,4.673,2.071,0.35
17.54,24.09,123.09,644.4,0,4.14,1.988,0.0
8.47,5.55,471.63,2296.73,0,1.344,1.385,1.495
17.27,24.54,1049.24,526.78,0,4.951,2.065,0.294
36.74,17.29,1035.98,194.84,0,2.851,1.373,4.569
55.83,10.25,958.49,311.51,0,1.809,0.501,9.485
26.53,19.23,360.03,999.62,0,3.75,1.646,1.324
48.42,22.01,517.08,223.18,0,2.82,1.244,4.744
12.08,30.14,1062.87,137.07,0,5.48,2.565,0.636
50.25,26.04,1222.06,270.4,0,3.955,1.795,2.687
56.01,13.54,1256.42,1392.82,1,1.639,0.967,13.203
32.64,26.01,681.29,2207.57,0,3.923,1.844,1.202
30.01,22.16,1312.62,2378.72,0,3.872,1.781,1.391
54.95,19.42,1258.64,312.27,1,3.336,0.809,12.324
17.53,26.61,1456.18,1367.92,1,4.89,2.352,2.607
55.63,20.69,120.27,1853.27,0,3.503,1.249,4.239
55.46,28.05,478.51,148.64,1,3.948,1.255,10.577
57.67,37.42,969.07,2191.54,1,5.301,1.729,6.259
54.01,24.4,998.5,2351.58,0,3.078,1.119,1.418
33.92,27.28,689.22,766.87,1,4.014,1.892,6.077
42.5,14.79,158.58,2399.56,1,2.141,0.95,10.904
34.31,16.66,1296.33,1369.59,1,2.827,1.45,9.692
21.6,9.27,596.76,845.5,1,1.133,1.314,10.397
59.49,26.42,262.33,421.26,0,3.37,1.098,5.36
6.37,15.41,144.84,1855.33,0,2.567,1.764,0.588
18.83,12.83,929.45,1128.7,0,3.053,1.448,2.766
56.08,38.23,424.57,704.54,0,5.58,1.947,0.95
57.38,17.17,1090.37,1838.06,1,3.088,1.018,13.19
20.33,13.95,245.82,1574.19,1,2.818,1.613,7.376
59.99,14.72,376.17,2039.14,1,1.902,0.965,12.499
49.7,27.4,595.35,932.68,1,4.282,1.249,9.953
47.73,22.95,580.84,792.71,0,2.935,1.795,0.744
36.45,24.97,605.5,367.81,1,4.327,1.839,8.902
26.68,16.16,768.44,2107.8,1,2.945,1.47,6.247
5.51,38.27,1000.9,1839.03,0,6.955,2.954,0.91
25.11,16.34,343.66,286.96,0,3.601,1.658,2.406
25.61,7.67,402.75,172.16,0,1.223,1.308,3.802
9.48,25.98,1499.35,896.59,0,4.255,2.493,0.919
9.65,37.18,964.71,546.22,0,5.856,3.112,0.667
19.49,11.58,234.9,951.22,0,2.15,1.428,2.538
32.19,10.42,786.03,1419.63,0,1.671,1.029,2.3
47.58,5.62,488.02,996.52,0,0.886,0.384,9.692
37.39,36.26,1192.54,830.7,1,5.934,2.025,2.282
34.75,23.69,36.65,1346.39,0,3.734,1.687,0.996
48.81,31.48,1249.92,1925.53,0,4.94,1.975,0.872
51.64,39.73,371.3,1661.1,1,5.618,2.472,3.621
29.19,32.62,415.57,1876.72,0,5.739,2.3,0.676
38.39,27.25,669.93,2425.11,0,4.226,1.583,0.4
55.67,14.99,1106.81,1894.57,1,2.19,0.765,12.36
9.39,7.83,789.53,673.82,0,2.381,1.519,1.864
38.49,16.0,589.81,2392.25,1,2.858,1.486,8.854
47.71,6.22,1185.38,1667.79,0,1.446,0.565,9.199
28.5,34.67,1071.49,1824.13,0,5.852,2.61,0.075
46.25,31.37,731.08,2223.72,0,5.529,1.964,0.0
51.2,28.63,1120.55,2304.99,0,4.041,1.682,1.387
47.04,24.96,1158.76,1063.33,0,4.203,1.569,0.551
34.52,26.79,982.79,394.29,0,4.026,1.928,1.314
44.84,21.96,427.94,1646.09,0,3.491,1.371,3.911
44.01,7.42,1399.21,2004.09,1,1.076,0.677,12.878
26.09,39.54,1066.93,596.38,0,6.351,2.647,0.252
6.17,11.62,21.87,780.31,0,2.487,1.835,0.0
57.23,6.54,1027.02,231.65,0,1.034,0.128,13.745
30.72,23.04,1020.33,1203.4,0,4.281,1.645,0.844
21.42,9.15,1194.18,2491.12,0,2.564,1.394,1.496
18.78,18.23,294.41,386.07,0,3.786,1.646,0.262
26.97,34.1,266.58,2127.69,0,5.403,2.485,0.594
36.78,19.66,1041.99,1541.83,0,3.212,1.406,1.032
33.48,13.72,659.66,1038.74,0,1.626,1.027,2.89
26.02,23.32,803.01,2030.35,0,3.863,1.89,0.0
9.28,11.46,1475.01,2475.12,0,2.062,1.841,1.062
58.94,17.1,649.37,2368.82,0,2.5,0.81,7.219
5.86,38.5,204.53,1718.56,0,6.799,3.225,0.0
55.59,12.88,320.43,791.36,0,1.877,0.836,8.624
6.75,33.44,1478.33,2486.69,0,5.89,2.621,0.688
32.8,37.26,42.21,1783.76,0,6.14,2.581,0.746
48.2,39.81,1313.91,2379.02,0,5.857,2.169,0.0
41.5,5.02,433.4,431.58,0,0.327,0.759,9.739
43.82,5.12,1170.1,1770.86,0,0.915,0.516,6.907
10.36,9.76,729.63,2431.58,0,2.495,1.635,2.598
52.52,25.97,803.78,167.75,0,4.038,1.916,2.298
40.74,23.51,64.88,1251.96,1,4.129,1.499,9.316
56.8,34.51,919.21,99.37,1,4.446,1.621,11.285
59.74,7.25,1057.99,640.97,1,1.235,0.346,12.823
46.51,20.95,481.34,733.55,1,3.517,1.433,10.863
49.28,32.63,308.77,1586.79,1,4.723,2.1,6.191
57.86,27.56,1049.43,1356.46,0,4.583,1.634,2.613
44.56,16.97,343.22,1569.0,0,3.186,1.121,2.447
38.64,12.04,1029.26,1051.55,0,2.935,0.974,4.029
33.98,19.44,676.43,1461.69,1,3.072,1.323,9.505
33.76,10.43,769.18,709.72,0,1.879,0.934,3.758
40.2,10.78,50.04,1167.46,0,1.305,0.929,6.959
39.36,33.71,612.21,2264.09,0,5.325,2.297,0.0
5.08,7.02,340.89,1098.25,0,2.264,1.732,0.221
13.21,34.54,20.5,2493.06,0,5.964,2.607,0.223
27.92,9.83,758.02,1935.27,0,0.643,1.057,2.41
20.82,10.88,38.95,2276.46,0,1.434,1.383,0.0
42.1,8.27,451.8,1626.4,1,2.5,0.823,13.59
59.49,16.43,151.39,2159.12,0,2.864,0.885,6.901
19.62,24.26,1006.97,1289.74,0,4.15,1.859,0.148
49.59,20.4,126.48,1149.92,0,3.177,1.045,4.263
25.43,35.78,1229.12,819.61,0,5.651,2.676,0.0
44.81,27.32,672.1,2149.18,0,4.608,1.86,1.442
9.88,17.38,697.68,675.42,1,2.703,1.837,4.914
39.32,20.53,1193.75,2235.57,0,2.935,1.465,0.595
33.63,12.69,108.9,2097.92,0,2.673,1.296,2.722
50.6,29.47,568.42,1961.29,1,4.352,1.716,8.678
11.52,23.45,373.5,595.88,0,4.798,2.063,0.0
33.7,27.02,725.01,2332.32,1,3.909,1.946,5.095
52.49,6.09,1245.61,1488.5,1,0.631,0.256,13.076
43.21,35.61,1204.47,1368.4,0,5.099,2.215,1.439
13.84,36.26,366.87,1991.29,0,6.624,2.77,0.0
51.93,30.31,796.75,140.14,0,4.711,1.568,1.848
17.7,7.95,1162.86,1245.31,0,2.404,1.283,1.104
9.05,17.14,797.64,1259.18,0,2.609,1.832,0.228
9.67,14.61,1053.92,404.58,0,2.856,1.622,0.299
48.13,19.79,249.6,2069.43,1,3.001,1.309,10.153
51.22,8.57,929.35,1058.86,0,1.059,0.473,11.325
53.44,13.0,288.53,132.29,1,2.521,0.95,13.489
46.49,20.66,606.73,721.15,0,3.123,1.468,3.105
54.17,35.32,445.97,2388.87,1,5.577,2.013,4.547
56.02,34.29,499.76,632.24,1,5.28,1.589,8.198
34.54,27.82,927.82,1293.76,0,5.12,2.02,0.0
39.77,5.78,1432.64,340.89,1,0.204,0.549,14.0
57.44,22.42,1386.53,275.35,1,3.216,1.304,11.893
33.28,37.59,566.46,2053.2,0,5.671,2.306,0.736
18.24,13.6,332.66,1721.51,0,2.562,1.514,0.842
56.62,6.21,933.25,1625.11,0,1.109,0.439,12.181
7.79,16.51,1102.03,2467.54,0,3.124,1.855,0.766
37.08,20.5,1001.36,1817.28,1,3.755,1.438,7.709
56.12,38.54,673.96,504.93,0,6.282,2.029,0.902
45.94,39.53,884.67,1439.92,0,5.651,2.258,0.0
38.3,7.91,1476.81,1766.85,0,1.554,0.86,5.498
31.75,26.86,111.33,1119.45,0,5.021,1.974,0.337
19.99,18.96,1229.95,2446.54,0,2.571,1.601,0.0
35.98,29.6,384.85,2370.77,0,4.379,2.347,0.155
45.62,36.49,925.5,1435.61,0,5.3,2.307,0.0
35.87,31.38,1379.76,854.99,0,5.119,2.161,0.0
47.15,20.89,1317.33,1683.62,0,2.533,1.194,3.048
58.19,6.31,67.26,1219.99,1,0.655,0.455,14.0
40.17,37.39,1371.18,647.53,0,6.066,2.231,0.0
43.93,37.72,723.3,1249.57,1,5.718,2.246,3.864
51.71,27.46,68.19,2018.73,0,3.913,1.507,2.447
35.42,36.0,299.57,1668.59,0,6.187,2.363,0.083
20.86,16.55,780.51,1535.73,1,2.639,1.907,6.785
48.64,17.22,207.52,573.39,1,2.516,1.019,13.272
50.37,38.82,260.53,2147.46,1,6.445,2.353,3.705
58.89,16.76,1294.78,682.76,0,2.187,0.904,8.664
6.17,20.9,223.12,593.74,0,4.387,2.068,2.455
32.89,16.38,1255.66,1859.47,1,2.28,1.725,9.324
8.37,12.56,788.85,1875.92,0,3.119,1.831,0.193
32.3,20.29,235.38,477.68,0,2.962,1.376,0.664
31.26,31.35,1255.23,2055.34,0,5.189,2.136,1.174
17.09,30.84,293.95,1810.94,0,5.694,2.339,0.0
59.95,6.65,118.38,913.99,1,1.217,0.164,14.0
45.86,16.46,1447.78,444.61,0,2.393,0.979,3.337
26.23,33.25,635.25,521.55,0,5.567,2.4,0.147
48.72,34.1,1162.95,1153.21,0,5.255,1.971,0.094
18.57,16.44,982.21,950.39,1,2.684,1.804,5.003
20.65,33.01,1086.15,436.47,0,6.178,2.51,1.571
47.7,30.25,520.49,1308.09,0,3.778,1.777,0.867
43.24,17.23,327.63,804.29,1,2.921,1.417,12.2
48.16,23.64,734.07,1991.68,0,3.904,1.321,2.241
26.41,11.04,882.21,2095.57,0,1.904,1.32,1.645
15.16,6.03,1127.59,1979.82,0,1.782,1.389,0.971
28.9,12.76,959.16,126.56,0,2.304,1.438,2.073
45.74,25.13,761.29,300.23,1,3.799,1.437,9.471
51.55,32.23,1437.19,1240.16,1,4.88,1.726,6.659
54.62,36.96,518.36,927.89,0,5.936,1.953,1.575
59.6,36.18,144.0,1548.2,1,6.199,1.919,8.724
22.23,6.63,1476.01,1445.6,1,1.152,1.273,9.83
51.09,35.1,1025.59,1441.63,0,5.46,1.926,0.351
59.92,8.65,961.98,747.96,1,1.814,0.612,13.501
20.38,7.91,160.92,508.94,0,1.618,1.309,2.585
5.28,15.92,1176.6,1070.96,0,3.668,1.854,0.161
12.84,15.21,881.74,339.04,0,1.679,1.894,0.926
47.77,34.57,816.78,1938.26,0,5.581,1.733,1.336
49.21,18.41,840.73,330.46,0,2.786,1.109,6.909
19.29,15.21,436.91,1073.89,0,2.518,1.326,0.269
56.71,23.85,475.74,940.19,0,3.528,1.264,4.933
18.01,38.01,857.78,560.69,0,6.956,2.975,1.351
45.07,14.86,433.72,852.25,0,2.305,1.143,4.968
15.15,33.96,1248.52,1785.61,0,4.972,2.329,0.0
46.65,30.5,1144.05,1173.37,0,4.098,1.852,0.566
7.8,21.42,22.45,906.46,0,3.793,2.283,0.0
37.46,31.07,267.76,2061.65,1,4.887,2.157,3.741
24.19,22.4,1423.09,1162.35,0,3.537,1.978,0.0
41.25,29.56,61.11,84.46,0,4.958,1.996,0.369
53.77,17.35,1228.19,1285.82,1,2.174,0.768,12.669
22.72,21.63,895.94,2331.09,0,3.824,1.864,0.0
57.31,12.37,1373.11,1283.05,1,1.428,0.548,12.975
29.85,16.04,721.09,170.77,0,2.766,1.419,3.181
26.99,39.75,157.98,1878.64,0,6.326,2.748,0.0
16.25,25.9,715.25,1500.4,0,4.487,2.107,0.0
8.06,26.95,1132.03,380.15,0,4.809,2.392,0.0
8.36,16.41,245.3,1576.87,1,3.675,2.002,1.685
51.76,26.49,448.82,1712.43,0,3.839,1.407,1.769
5.4,14.0,453.67,2078.51,1,3.075,1.794,2.612
40.66,18.1,1340.15,1088.84,0,2.953,1.31,2.247
38.53,39.27,484.8,2258.21,0,6.593,2.627,0.0
37.3,31.79,36.32,1248.47,0,5.356,2.027,0.308
30.29,20.12,1329.74,1823.28,0,3.938,1.397,0.776
8.52,24.59,1455.5,2134.52,0,4.366,2.195,0.0
15.58,15.86,1103.09,2386.87,0,3.322,1.751,1.117
43.2,29.62,186.75,1935.99,0,4.291,1.584,0.715
54.0,15.22,896.88,2296.89,1,1.651,0.734,12.486
31.52,34.48,1344.9,497.35,0,5.463,2.212,1.377
26.47,38.12,1168.33,768.78,0,6.655,2.926,0.0
50.84,28.43,1297.6,1304.52,1,4.958,1.724,7.675
7.21,12.04,569.99,1863.24,0,2.574,1.597,0.048
37.92,20.32,1488.16,960.77,1,3.305,1.334,10.412
58.42,15.12,167.81,1949.42,1,1.703,0.572,12.372
28.65,17.87,766.82,321.85,1,3.864,1.56,9.626
21.6,10.68,1371.43,1618.84,0,1.786,1.322,2.053
25.48,26.16,1233.08,507.15,0,4.26,1.83,0.0
36.6,16.36,749.73,1243.0,0,3.113,1.347,3.227
53.5,10.82,799.66,2443.69,1,1.595,0.803,13.39
45.11,37.87,844.85,677.54,0,6.16,2.293,0.0
23.84,6.02,904.05,1453.02,0,0.649,1.046,2.95
26.04,39.95,114.39,2481.44,0,6.551,2.945,0.0
39.93,8.64,884.85,1797.02,0,1.867,0.875,5.081
39.54,20.53,1013.45,52.49,0,1.977,1.486,3.208
11.26,22.0,1107.84,918.28,0,3.361,2.25,0.895
36.73,30.94,301.72,2248.72,0,4.913,1.834,0.452
46.09,37.01,671.54,142.66,0,5.06,2.377,0.0
12.0,18.49,736.76,454.47,0,3.224,1.968,0.388
47.67,29.7,1062.28,2156.32,1,5.013,1.73,5.905
13.17,5.87,522.1,2330.23,0,0.884,1.373,1.171
9.76,5.85,1322.51,739.9,1,1.919,1.184,8.075
35.65,16.76,807.2,72.89,1,2.771,1.212,11.77
47.95,18.49,797.35,98.73,0,2.908,1.22,4.732
38.9,18.49,44.93,1842.29,0,2.159,1.432,1.867
38.37,19.69,1228.51,1007.27,1,3.318,1.231,10.385
10.08,26.73,636.94,296.07,0,4.143,2.383,0.0
36.85,12.6,233.24,660.12,0,1.885,0.963,3.169
33.32,18.3,297.18,771.03,0,3.656,1.407,1.473
5.79,16.61,1055.34,2378.22,0,2.703,1.828,0.464
47.13,39.74,833.78,2078.61,0,5.882,2.382,0.424
17.08,10.91,1394.41,1403.71,1,1.65,1.472,8.5
30.5,6.83,333.34,1778.97,1,0.629,0.786,13.634
30.14,11.56,1336.47,2324.82,0,2.116,1.251,2.34
42.42,30.36,454.62,1381.88,1,4.983,1.887,5.527
52.42,10.91,1202.16,1161.17,0,1.532,0.662,7.499
47.9,25.64,136.63,608.76,0,3.59,1.313,2.607
16.66,28.74,1008.87,318.71,0,4.823,2.198,0.0
17.58,14.69,808.79,200.23,0,3.182,1.583,0.0
28.57,33.86,463.12,1397.12,0,5.001,2.232,0.292
25.1,38.22,1333.78,1887.92,0,6.682,2.6,0.051
44.54,13.96,656.07,1310.89,1,1.829,1.076,11.636
35.13,17.01,1434.75,1622.86,1,2.678,1.464,7.947
29.77,24.13,413.3,2069.71,0,4.44,1.82,0.0
38.24,16.69,61.18,1725.24,1,2.765,1.219,11.752
25.95,35.6,1087.41,2332.62,0,5.675,2.244,0.0
52.2,39.61,474.27,1411.92,1,5.389,2.135,4.594
46.12,21.55,775.65,1329.18,1,3.53,1.281,10.861
48.78,29.11,284.6,317.96,0,4.894,1.622,0.893
59.52,6.92,1175.67,1804.69,0,0.932,0.395,10.593
42.79,29.06,687.22,2481.18,1,4.822,1.614,5.372
40.86,11.42,751.51,521.97,0,1.966,1.046,4.701
47.14,19.44,1206.5,543.3,0,2.284,1.068,4.541
39.8,39.96,1457.57,1215.42,0,6.028,2.22,0.232
57.53,11.85,141.59,2192.97,1,1.786,0.466,13.536
27.36,33.52,349.82,2303.57,0,5.578,2.211,0.0
25.31,7.32,1312.67,2112.99,0,1.605,1.056,1.474
9.72,34.41,887.39,175.44,0,6.093,3.073,0.238
56.86,8.21,1035.36,1195.01,1,1.823,0.677,13.741
9.51,5.36,815.82,583.93,0,1.875,1.27,1.597
55.06,8.28,466.75,2312.32,0,0.828,0.443,10.001
24.5,30.17,1091.81,1327.74,0,4.85,2.456,0.0
59.53,17.39,1037.82,440.66,1,2.853,0.99,12.64
12.22,10.44,1001.0,2090.82,0,1.592,1.394,0.868
18.3,31.23,655.62,1375.72,0,5.192,2.535,0.171
48.48,28.06,463.8,2051.14,1,4.161,1.68,8.433
26.4,8.2,953.59,1904.4,0,1.45,1.261,4.187
29.25,25.23,1014.5,69.48,0,5.179,2.293,0.0
16.05,21.44,1349.52,1418.37,0,3.951,1.982,0.056
13.6,35.86,283.01,833.06,0,5.849,2.907,0.0
52.23,35.53,1091.14,489.27,0,4.723,1.949,1.936
37.55,19.93,408.32,628.55,0,2.914,1.485,2.207
48.24,24.4,671.4,1931.48,1,3.861,1.331,10.364
25.16,19.0,504.22,2324.73,0,3.116,1.632,0.742
31.77,12.43,1409.13,2336.48,0,2.215,1.272,1.562
55.37,30.01,455.17,1940.81,0,4.328,1.461,2.997
54.79,28.77,408.44,1637.71,1,3.774,1.592,10.799
37.76,8.12,569.52,133.01,0,1.708,0.888,6.248
42.48,33.49,423.27,1310.5,0,5.439,2.017,0.87
9.12,36.98,967.11,1096.42,0,6.855,3.258,1.144
23.92,19.39,1373.3,1802.7,0,3.198,1.872,0.0
36.2,16.11,1128.29,1235.88,0,2.621,1.408,3.035
29.31,12.48,1318.58,404.05,1,2.62,1.415,10.508
21.91,32.58,225.59,1498.05,0,5.667,2.469,0.0
43.65,11.87,600.92,229.66,0,1.88,0.854,6.166
17.96,34.89,333.9,495.19,0,6.187,2.742,0.0
55.06,16.79,1190.76,736.34,1,2.255,0.963,13.092
16.39,11.97,438.91,2343.35,1,2.242,1.624,5.342
44.48,39.88,312.86,151.06,0,5.942,2.361,0.908
32.19,35.01,727.63,2461.23,0,5.729,2.319,0.463
45.32,17.31,1208.82,2118.43,1,2.032,1.086,11.115
27.31,12.99,110.87,2335.15,0,1.667,1.151,2.138
24.46,28.85,491.04,1847.52,0,4.737,2.029,0.0
40.44,26.26,511.88,1229.54,0,4.133,1.904,0.719
57.98,34.04,243.25,2001.64,1,3.638,1.744,10.241
42.87,26.41,405.9,2495.81,1,3.956,1.715,8.404
5.89,19.26,565.85,1933.32,0,3.548,2.009,0.0
6.7,19.86,1416.62,127.11,0,4.01,2.039,0.935
16.73,15.71,1220.49,1124.09,0,2.946,1.766,0.871
24.43,12.7,850.04,2304.4,0,2.519,1.398,1.76
13.77,17.18,1357.5,871.59,0,3.326,2.051,1.596
57.44,29.08,807.32,180.26,0,4.162,1.158,4.046
19.62,39.87,691.19,1456.61,0,6.581,2.893,0.712
30.23,35.63,1281.78,53.32,0,5.319,2.472,0.303
12.74,12.21,1353.12,1180.56,0,2.165,1.523,0.4
21.78,32.56,832.83,661.04,0,5.303,2.542,0.0
35.02,9.49,279.15,1483.49,1,1.038,0.918,12.449
28.02,35.9,858.66,800.71,0,5.987,2.488,0.0
9.89,14.4,99.1,1393.93,0,3.131,2.038,1.124
46.13,21.96,1493.92,1860.15,1,2.85,1.208,9.762
58.33,10.2,609.36,248.7,1,1.782,0.571,14.0
17.95,22.57,973.09,665.1,0,3.827,1.938,0.0
17.19,38.56,420.11,267.63,0,6.614,2.672,0.086
46.54,35.31,745.48,2430.79,1,5.353,2.112,4.672
29.98,18.57,1420.42,364.34,0,3.514,1.2,1.806
7.22,8.32,1282.43,2354.88,0,1.766,1.573,0.36
7.65,26.4,930.73,86.12,0,4.859,2.21,0.046
58.98,30.39,1454.42,1247.57,0,5.014,1.503,2.112
44.78,36.71,704.37,1756.97,1,5.595,2.04,3.892
33.34,31.48,1012.46,262.13,0,4.857,2.264,0.829
13.7,36.16,831.5,470.88,0,6.146,2.821,0.951
55.07,30.91,832.48,1810.34,0,4.623,1.686,1.596
25.63,17.94,389.98,620.84,1,2.587,1.392,9.123
23.05,39.14,23.96,345.93,0,6.984,2.928,1.041
48.45,14.76,314.16,1741.78,1,1.767,0.836,12.126
50.0,21.38,627.05,104.83,1,3.466,1.446,11.956
6.06,26.84,234.67,1030.47,0,5.046,2.341,0.0
35.26,26.19,1175.69,458.28,1,4.712,1.987,3.774
24.31,28.97,1342.82,1181.99,1,5.135,2.332,1.75
58.37,25.09,621.69,2216.47,0,4.265,1.428,3.438
22.3,9.47,1175.63,777.85,0,1.353,1.094,1.624
21.54,33.4,1256.38,1028.4,0,5.06,2.433,0.0
41.21,29.54,831.82,862.82,0,4.843,1.869,0.018
54.71,10.04,1384.43,1069.56,1,1.623,0.667,14.0
40.31,27.91,1329.69,1105.51,0,4.632,2.088,0.639
35.79,13.02,139.03,2396.2,0,1.977,1.106,3.868
11.64,23.05,853.7,1939.9,0,3.871,2.172,0.893
19.14,21.04,1395.9,2202.17,1,4.111,1.856,3.424
48.94,11.36,1116.87,1758.08,0,2.087,0.938,6.17
12.49,19.2,301.98,624.02,0,4.217,1.864,0.0
56.71,15.46,955.84,2171.13,0,1.913,0.694,7.466
57.1,30.93,594.6,875.01,0,4.789,1.696,1.688
40.15,6.86,395.14,2305.45,1,1.57,0.679,13.16
21.62,16.14,1128.82,543.35,1,3.237,1.881,6.176
55.83,5.98,247.52,2305.21,0,0.529,0.347,10.547
48.87,27.28,1077.55,546.47,0,3.39,1.271,3.239
45.53,37.13,633.17,2028.75,1,5.879,2.097,4.236
12.79,23.75,740.07,2293.9,0,3.925,1.931,0.073
38.58,37.45,343.09,1460.11,1,5.594,2.303,1.802
49.95,26.2,645.56,1718.15,1,4.095,1.448,10.113
17.75,33.89,1485.35,142.35,0,5.409,2.56,0.0
19.22,22.66,976.24,1024.04,0,4.217,1.754,1.081
29.61,35.22,1327.23,1114.35,0,5.465,2.477,0.0
49.19,8.49,1299.01,2455.03,1,1.22,0.438,12.518
10.31,21.97,1073.21,1623.37,0,4.455,2.448,0.0
43.62,15.08,176.93,385.41,1,2.934,1.278,12.106
36.71,14.1,1112.94,1405.47,0,2.914,0.952,1.962
44.01,25.24,679.43,209.37,1,3.57,1.619,8.242
13.48,9.15,1192.54,2248.47,1,1.433,1.387,5.051
58.09,36.82,802.64,1027.35,1,5.735,1.985,7.113
13.55,16.36,159.87,2015.67,0,3.09,1.792,0.206
50.34,7.59,677.77,1424.58,1,1.008,0.578,13.696
5.5,13.16,205.48,1581.7,0,2.332,1.641,2.029
44.57,17.69,1168.27,2312.43,0,3.022,0.971,2.947
21.76,19.11,692.9,792.87,0,3.633,1.482,0.951
25.81,5.43,1368.31,475.04,0,1.845,1.091,2.269
53.38,11.58,223.2,520.16,1,1.898,0.733,13.685
26.64,23.7,579.96,2091.58,0,4.816,1.956,0.0
34.37,14.39,243.66,532.23,1,2.367,1.211,12.125
38.9,17.47,125.22,156.43,1,3.479,1.316,11.659
5.64,28.62,303.31,268.93,0,4.509,2.467,0.308
43.03,31.11,44.62,2267.95,0,4.762,1.977,0.417
57.18,23.83,320.15,953.09,0,3.251,1.067,4.783
27.09,19.69,858.47,358.57,0,2.516,1.611,1.161
51.33,19.89,665.51,349.82,1,3.724,1.115,13.338
17.61,15.38,38.75,2019.41,0,3.027,1.575,0.528
35.03,39.67,258.13,1604.17,0,6.269,2.388,1.508
18.48,9.47,51.05,1133.45,1,2.152,1.368,9.114
16.43,33.0,1056.06,542.45,0,5.763,2.593,0.0
40.02,15.45,411.12,509.71,0,3.19,1.159,4.239
6.57,35.17,1247.44,901.63,0,6.703,2.917,1.015
59.44,37.74,583.14,2415.05,1,5.495,1.913,5.624
43.56,26.84,1011.29,499.3,0,4.21,1.617,2.172
19.8,34.26,1022.02,787.38,0,5.515,2.29,0.771
38.25,35.16,1194.75,1370.97,0,5.799,2.259,0.0
8.02,16.28,855.81,1415.63,0,2.993,1.627,0.0
41.56,8.23,524.21,836.24,0,1.65,0.856,7.55
51.38,38.62,109.41,1304.85,0,6.23,2.141,0.431
49.43,30.83,72.43,1986.45,0,4.984,1.602,1.627
12.1,35.55,762.58,1916.8,0,6.129,2.688,0.0
13.14,5.29,1276.08,1731.3,0,1.371,1.176,1.976
41.2,32.12,369.04,2314.1,1,5.128,2.122,3.716
20.68,32.12,1260.6,130.14,0,5.544,2.59,0.502
56.14,30.98,526.25,460.3,0,5.072,1.871,1.535
36.4,39.83,1456.98,336.04,0,6.437,2.607,0.0
35.99,37.44,1274.74,576.51,1,6.329,2.248,1.999
46.77,36.13,139.75,1870.78,0,5.402,1.946,0.625
53.55,17.74,991.2,2400.46,1,2.567,1.277,11.31
30.4,11.12,1360.21,992.02,0,2.548,1.364,1.988
35.9,20.61,472.28,2306.98,0,2.808,1.56,0.412
9.27,5.51,775.3,1940.97,0,2.097,1.558,0.085
55.84,26.34,1212.34,114.54,0,3.758,1.208,4.209
54.19,16.54,836.16,345.97,1,2.498,1.183,12.405
8.01,5.19,1172.74,389.39,0,1.398,1.417,0.549
24.33,37.97,209.22,2182.1,0,5.675,2.738,0.0
54.11,19.75,1386.41,711.08,0,2.203,1.035,6.246
37.27,35.15,186.22,1080.89,1,5.241,2.011,3.661
22.58,24.26,466.29,653.49,0,4.444,2.057,0.0
24.43,18.37,1033.58,1026.19,0,3.192,1.972,0.42
41.56,12.58,517.92,764.24,0,2.435,0.95,6.216
42.91,30.14,1387.02,417.09,0,4.268,1.768,2.417
13.14,11.9,480.23,1270.09,1,2.631,1.53,6.089
29.59,37.74,410.11,1832.0,0,6.026,2.557,0.104
50.91,34.17,1211.56,2475.39,1,4.789,1.745,5.7
50.85,24.17,1016.57,410.52,0,3.289,1.477,4.395
43.44,30.54,430.75,834.57,0,5.099,1.761,0.259
49.46,13.09,92.85,721.97,1,2.13,1.031,13.178
42.77,22.24,620.27,2189.29,0,2.636,1.242,1.281
51.0,31.04,524.43,610.69,1,4.628,1.871,7.937
24.56,14.27,1323.49,828.53,0,2.094,1.343,0.131
8.91,18.81,1358.03,1324.7,0,3.46,2.049,0.0
10.23,38.09,813.44,300.37,0,7.021,3.03,0.0
37.65,20.34,1450.13,2483.37,0,3.648,1.467,0.729
5.69,9.16,487.76,996.18,0,2.335,1.54,0.0
51.26,16.91,924.41,1498.76,1,2.599,1.178,12.813
15.44,12.64,442.97,791.48,0,2.782,1.434,1.318
49.93,5.05,75.66,222.74,1,1.241,0.6,14.0
24.57,38.65,145.2,1607.03,0,6.41,2.357,0.0
10.86,19.42,21.63,1643.61,0,3.228,2.047,0.0
25.34,20.87,141.81,2060.66,0,3.611,1.558,0.805
5.5,6.31,1493.92,922.77,0,2.222,1.446,0.487
16.05,17.66,129.89,1558.68,0,2.657,1.598,0.278
13.05,8.24,1313.61,1894.35,0,1.852,1.229,1.314
58.66,7.11,1347.93,1813.65,1,0.682,0.189,14.0
28.82,24.55,792.52,2216.14,1,3.836,1.794,4.235
35.19,36.52,777.17,325.49,1,5.406,2.052,2.551
8.08,13.84,1044.25,1677.59,0,2.639,1.817,0.561
8.25,23.58,372.48,295.86,0,4.016,2.226,0.804
38.08,19.84,430.63,1368.01,0,3.21,1.378,3.137
23.58,27.09,16.26,278.53,0,4.823,2.166,0.0
21.32,37.2,257.22,928.32,0,5.851,2.535,0.257
13.98,10.4,825.35,1517.03,0,2.283,1.495,0.0
46.7,26.07,460.24,1126.96,0,3.335,1.605,3.329
56.81,35.64,1245.43,190.49,1,5.844,1.997,6.616
25.29,25.73,1214.91,1136.42,0,4.443,2.15,0.0
25.69,16.47,595.6,1960.74,0,2.683,1.494,0.739
21.07,7.3,1072.23,241.65,0,0.612,1.222,4.075
14.62,23.89,1236.29,1728.62,0,4.516,2.2,0.0
22.3,23.11,1171.19,913.64,0,3.626,1.975,0.0
50.19,18.73,1419.44,226.31,0,3.047,0.824,5.769
9.59,16.94,316.18,1291.46,1,2.808,1.765,3.76
50.08,7.81,897.6,250.95,0,0.501,0.589,8.759
8.03,17.24,700.85,1978.37,0,3.628,1.862,0.991
34.58,24.61,5.25,598.43,0,4.005,1.67,2.565
47.16,38.45,1076.36,1302.18,0,4.88,2.091,1.737
23.66,34.35,131.35,699.09,0,6.265,2.384,0.493
53.19,16.72,277.16,1735.73,0,2.161,0.964,7.495
46.93,34.78,1124.05,379.8,0,4.445,2.23,0.343
40.26,20.01,1397.58,2369.45,0,4.111,1.488,0.617
24.78,15.83,1090.27,422.69,0,2.609,1.686,2.765
12.49,21.61,1324.9,1605.21,0,3.269,1.913,0.795
37.74,16.92,770.72,896.96,0,3.01,1.583,2.941
16.23,15.64,730.0,1439.81,0,3.132,1.795,1.777
53.36,33.48,426.57,2098.19,1,4.616,1.642,7.799
53.36,25.1,103.25,448.41,1,4.0,1.326,11.851
32.23,39.07,252.11,121.6,0,6.4,2.697,1.141
42.94,28.01,334.93,2398.95,1,5.086,1.673,6.813
44.98,38.99,1309.87,61.38,1,5.969,2.13,4.711
23.87,23.47,3.53,1793.17,0,3.625,1.753,0.874
13.45,24.95,633.16,1453.77,1,4.734,2.219,0.837
28.58,39.66,1457.6,1873.74,0,6.587,2.83,0.386
32.69,35.4,1360.14,383.34,1,5.677,2.331,2.313
43.13,15.46,166.54,2086.76,0,2.364,1.049,4.434
42.63,18.3,1116.21,2015.24,1,3.63,1.432,9.755
8.05,31.86,1308.05,1086.83,0,5.906,2.699,0.0
55.71,23.66,281.49,442.82,1,3.574,1.29,12.402
16.28,6.39,377.54,357.42,0,1.571,1.153,3.126
17.85,39.39,1025.5,127.37,0,5.946,2.61,0.0
9.9,23.0,1136.5,517.28,0,3.757,2.28,0.745
32.28,12.75,1313.37,2300.43,1,1.868,1.094,8.265
55.84,29.22,596.85,1728.33,0,4.448,1.728,2.391
41.45,33.38,71.79,1208.02,0,4.847,1.885,1.252
32.02,17.11,1464.83,928.96,0,2.761,1.237,1.681
52.26,29.87,388.2,217.19,0,5.232,1.798,0.689
57.23,14.29,1154.92,1783.95,1,1.144,0.829,13.976
35.86,32.98,1378.97,1115.89,0,4.835,2.08,0.0
48.61,21.46,811.78,1073.87,1,3.045,1.19,12.848
59.05,15.61,785.39,816.6,0,1.961,0.652,11.349
6.62,5.47,360.49,1875.33,0,1.779,1.488,1.021
37.18,16.91,91.43,766.54,0,2.972,1.37,3.334
42.87,7.72,165.82,795.81,0,1.553,0.886,7.934
34.95,18.36,1085.31,937.45,1,2.993,1.417,8.806
21.7,25.05,298.48,300.61,0,5.028,2.022,0.566
19.7,29.52,743.41,2296.25,0,4.479,2.213,0.0
53.68,18.65,777.64,1851.89,1,2.231,0.944,11.238
53.44,25.97,1390.24,2073.85,1,4.246,1.462,10.365
12.57,22.17,810.61,302.8,0,3.897,1.961,1.091
45.94,31.83,923.28,1485.64,0,4.465,1.723,0.0
43.45,25.57,1216.82,83.67,0,4.117,1.655,1.322
30.41,20.32,451.9,218.05,0,3.424,1.599,1.113
26.86,27.35,1031.45,266.85,0,4.118,2.015,0.0
22.82,15.18,147.07,1196.38,0,2.635,1.45,1.688
44.46,36.81,106.51,2085.01,1,5.798,2.036,1.755
29.89,36.62,1453.54,1693.44,0,5.675,2.423,0.0
42.28,13.17,473.79,941.85,1,2.844,0.945,12.864
43.44,29.71,687.07,1427.0,0,4.269,1.986,0.26
58.97,9.58,229.18,2276.68,1,1.046,0.553,14.0
42.59,27.27,456.08,530.85,0,4.606,1.609,0.722
9.34,39.89,1352.85,851.64,0,6.877,2.973,0.0
17.19,28.35,1398.47,2218.54,0,4.697,2.37,1.228
37.38,23.41,935.86,863.94,1,4.166,1.626,7.525
6.37,17.06,305.7,809.49,0,3.18,2.179,0.228
29.94,39.69,1433.94,634.27,0,6.562,2.48,0.0
21.83,18.22,1173.84,1341.43,1,3.162,1.764,6.122
14.84,18.42,147.79,1811.84,0,2.886,1.686,1.161
7.51,22.47,1025.08,295.12,0,3.535,2.339,0.841
5.92,31.6,620.21,154.83,0,5.718,2.78,0.189
14.34,8.75,53.2,2108.75,1,1.696,1.509,9.667
56.61,14.41,370.76,1910.47,1,3.032,0.753,13.658
23.01,25.23,820.69,418.25,0,4.701,2.138,0.0
56.55,11.57,860.7,2339.19,1,1.57,0.64,13.627
10.4,23.47,1447.56,731.03,0,3.993,2.236,0.706
38.22,27.64,700.25,778.9,0,5.286,2.036,0.0
34.09,13.35,517.97,1748.19,0,2.986,1.374,2.075
39.91,14.58,1331.58,2287.88,0,2.803,1.332,0.0
51.61,27.73,766.55,1491.97,1,3.894,1.647,9.739
26.44,20.09,817.99,1813.72,0,3.661,1.677,0.0
41.59,18.1,294.35,1345.95,0,2.182,1.157,4.509
16.62,37.51,1176.35,1202.51,0,6.063,2.782,0.0
48.22,26.86,1172.36,2292.07,1,4.55,1.428,9.51
34.4,12.75,835.77,617.93,0,1.841,1.058,4.763
9.42,12.67,555.93,2386.06,0,2.163,1.714,0.0
21.11,25.75,866.75,1002.71,0,4.026,2.104,1.266
12.42,25.01,1233.52,2106.49,0,3.815,2.28,0.0
45.99,11.13,1015.5,2109.37,0,1.736,0.859,4.624
27.21,8.6,1343.32,1547.25,1,1.653,1.313,10.011
33.78,15.23,651.32,198.72,1,2.854,1.27,11.634
38.52,36.82,979.52,2203.02,0,6.046,2.07,0.0
25.5,32.71,857.17,1493.36,0,4.915,2.425,0.543
59.23,36.49,980.12,91.11,0,5.672,1.916,1.382
46.41,28.2,741.38,349.82,0,5.416,1.785,2.046
40.67,33.37,834.74,2284.58,0,5.384,2.444,1.39
13.36,39.21,618.8,2459.42,0,6.658,2.773,0.398
25.4,32.66,801.64,395.94,0,5.547,2.26,0.264
25.85,14.03,414.17,2101.45,1,2.444,1.449,7.911
43.71,7.04,1350.74,574.0,0,0.728,0.745,7.267
9.48,32.67,492.03,2307.83,0,5.651,2.828,0.0
12.7,38.18,1308.38,816.44,0,5.877,3.166,0.51
48.68,16.2,1235.62,2034.66,0,2.571,0.922,3.823
26.03,27.36,1065.52,503.55,0,4.419,2.229,0.927
21.47,12.73,925.56,2271.78,0,2.642,1.459,0.332
10.78,27.26,1198.46,1556.67,0,4.835,2.651,0.0
9.65,7.5,1107.36,765.53,0,1.754,1.347,0.878
28.04,9.53,806.86,1496.53,0,1.851,1.124,2.615
30.3,34.01,45.05,2472.27,0,5.115,2.294,0.409
58.35,26.54,680.24,959.3,1,3.644,1.259,12.16
41.54,30.18,499.23,2145.49,0,4.296,2.1,1.276
17.21,17.96,1460.67,1547.02,0,3.498,1.879,1.498
42.58,35.32,534.78,87.59,0,6.042,2.324,2.09
5.7,15.38,1002.28,1474.66,0,3.795,2.135,0.0
45.95,9.8,395.84,1855.37,1,1.118,0.74,14.0
22.2,10.76,1451.81,1469.49,0,2.198,1.447,2.751
42.37,9.91,1463.03,2186.37,0,2.133,1.009,4.604
57.55,29.45,853.44,950.9,1,4.403,1.643,10.823
59.4,39.76,1491.73,1775.88,1,6.39,2.23,3.371
35.53,23.49,584.31,2339.99,0,4.191,1.782,0.285
8.84,14.37,34.0,592.49,0,2.796,1.54,0.0
8.4,5.83,1391.72,372.88,0,1.698,1.571,2.121
19.92,32.45,388.78,1441.29,0,5.531,2.164,0.353
10.18,11.3,831.06,2130.09,0,2.374,1.743,1.065
20.83,29.51,1385.76,571.66,0,4.89,2.524,0.715
53.71,14.56,358.88,2337.93,1,2.074,0.657,13.726
21.91,32.16,802.13,1753.47,0,5.259,2.241,0.887
23.12,26.9,821.82,1765.18,0,4.327,2.208,0.0
50.71,20.4,822.87,2209.86,0,3.633,1.329,1.546
46.85,14.24,931.42,2404.5,0,1.513,1.008,5.667
22.75,25.61,639.52,512.55,0,4.578,1.897,0.429
32.63,29.29,679.21,2206.37,0,5.324,2.31,0.158
35.81,6.25,1021.58,1527.51,1,1.619,0.899,12.624
44.76,15.72,1413.66,2391.38,0,2.75,0.888,3.836
12.37,31.5,1378.0,233.72,0,5.575,2.751,0.0
46.44,14.37,526.75,2114.05,1,1.717,0.606,12.408
10.34,30.45,454.26,641.19,0,6.445,2.692,0.0
37.29,19.24,764.92,448.95,0,3.66,1.162,3.277
56.99,28.97,1215.06,2386.07,0,4.388,1.596,1.526
14.43,37.31,1123.01,52.51,0,6.298,2.925,0.0
47.6,10.84,201.46,1436.11,0,1.873,0.974,8.166
26.53,37.35,1419.09,1988.29,0,6.168,2.648,0.732
17.82,36.15,645.18,773.23,0,6.925,2.675,0.058
33.25,22.84,404.8,705.47,0,3.94,1.528,0.0
15.48,6.59,908.91,947.14,0,1.235,1.121,0.911
29.49,33.29,571.31,1412.75,0,5.399,2.485,0.566
37.23,25.68,1117.55,1732.8,1,4.172,1.801,6.308
47.39,15.97,1143.68,422.61,1,2.164,1.142,11.619
49.77,6.49,1292.99,992.78,0,0.905,0.559,8.567
53.86,18.53,1200.2,1061.64,0,2.78,0.881,5.983
31.74,7.58,1494.66,2038.21,0,1.323,0.991,1.722
55.3,20.68,349.34,2306.37,0,2.342,1.054,4.462
54.29,7.27,832.62,2039.38,1,1.44,0.166,13.936
31.88,28.21,643.02,1179.3,0,4.559,2.146,1.341
11.02,26.82,1219.26,2059.23,0,5.042,2.324,0.281
25.06,13.11,1042.26,826.77,0,2.07,1.343,1.774
46.02,27.05,727.97,2118.64,0,4.598,1.747,1.269
35.82,11.12,1071.48,1164.48,1,1.92,1.022,12.93
15.3,9.47,708.51,1260.17,1,1.924,1.398,9.202
52.36,17.56,1400.15,427.48,1,3.048,1.28,12.013
40.53,11.33,680.95,576.65,1,1.643,1.011,12.207
12.07,21.3,515.88,1564.25,0,4.448,2.244,1.268
50.11,24.84,739.79,1487.13,0,4.114,1.041,3.276
33.3,21.21,651.11,1149.03,0,3.362,1.637,2.368
24.66,23.86,722.11,1932.97,0,3.87,2.029,0.0
33.8,34.67,1088.58,2490.43,1,5.856,2.261,2.062
34.71,39.61,663.15,1628.9,0,7.046,2.75,0.068
58.79,7.57,753.3,619.12,0,0.719,0.215,11.13
42.65,26.44,107.82,1437.89,0,4.536,1.778,1.626
20.05,5.75,1141.96,733.87,1,1.853,1.085,9.325
27.94,23.25,1446.76,1986.55,0,3.422,1.641,0.7
11.15,19.06,1051.78,479.43,0,3.097,1.998,0.0
24.52,5.3,1305.98,1263.07,0,1.504,0.948,2.927
49.41,37.68,481.99,1298.89,0,6.425,2.242,0.58
27.23,18.71,1367.77,1346.77,0,2.855,1.612,0.0
49.53,22.81,132.09,1847.17,0,4.035,1.517,2.27
22.32,31.74,1483.28,575.77,0,5.179,2.269,0.107
39.27,25.65,1348.26,1555.46,0,4.332,1.681,0.285
9.04,35.16,1495.06,904.79,0,6.34,2.561,0.195
12.35,7.25,534.23,2026.61,0,1.748,1.478,1.14
27.48,6.0,54.16,1625.81,0,0.401,0.683,4.092
55.42,11.44,1164.86,2439.05,0,1.591,0.847,6.241
44.16,26.97,199.15,719.49,0,4.001,1.684,3.528
17.12,26.69,1122.71,167.1,0,4.858,2.141,1.468
21.36,11.4,564.83,1630.39,1,2.075,1.471,9.12
7.47,6.94,223.18,644.03,0,1.478,1.491,1.631
40.28,23.79,473.77,684.2,0,3.422,1.324,1.429
57.1,36.59,145.84,2328.19,0,5.998,2.011,0.796
40.32,11.47,743.54,417.74,0,1.82,1.271,4.366
46.55,19.99,419.29,1442.56,0,3.125,1.002,4.011
25.89,34.26,383.29,474.81,1,5.136,2.488,1.89
47.9,33.55,6.08,1429.51,1,6.361,2.146,4.525
31.93,26.61,1142.51,220.62,0,3.52,1.883,1.679
44.06,31.14,1189.64,2107.0,0,4.82,1.608,1.169
19.23,20.13,828.27,1849.99,1,3.795,1.888,4.429
43.76,31.23,870.49,1380.26,0,4.614,2.039,1.358
17.86,9.55,1123.99,1645.38,0,1.727,1.229,1.256
23.47,9.03,1452.62,2380.91,0,1.6,0.845,2.056
20.64,24.44,1248.35,94.39,0,3.981,1.776,0.0
29.09,33.32,829.4,1391.71,0,5.053,2.127,0.461
16.85,36.82,1417.01,493.26,0,6.207,2.922,0.0
38.23,21.11,993.81,377.97,0,2.483,1.399,3.605
40.51,24.04,542.41,1695.21,0,4.182,1.564,1.337
17.53,39.68,1061.94,533.56,0,6.745,2.979,0.216
47.44,36.58,1045.3,192.35,0,5.912,1.79,0.261
41.53,22.42,1440.03,2145.93,0,3.266,1.461,2.846
57.7,15.91,779.07,831.66,0,2.044,0.75,8.899
52.61,14.24,690.47,1003.78,1,2.11,0.843,13.254
57.07,17.09,25.29,2370.7,1,2.416,0.87,13.711
55.7,6.89,815.59,2063.55,1,1.305,0.302,13.362
54.84,9.93,410.82,634.02,0,1.649,0.485,10.89
59.11,22.71,1171.29,1529.43,0,3.195,1.131,4.678
57.55,20.24,1357.83,1508.38,1,2.847,0.927,11.631
24.61,15.35,1332.89,2292.41,0,3.068,1.732,0.603
12.29,21.96,134.23,1995.45,0,4.679,2.301,0.0
56.16,15.99,932.31,1204.13,0,2.421,0.934,6.894
22.2,39.04,993.91,2310.35,0,6.328,2.742,2.021
52.6,8.81,393.93,1122.9,1,1.272,0.527,13.356
59.76,14.75,777.08,862.13,1,2.19,0.845,12.977
39.17,34.53,893.93,1117.41,0,6.143,2.194,0.823
20.76,19.43,397.99,581.28,0,3.698,1.675,1.187
41.52,13.59,633.14,1256.54,1,2.084,1.099,12.525
51.47,33.92,1265.25,1673.37,0,4.385,1.937,1.016
14.36,36.18,296.08,322.13,0,7.131,2.859,0.13
53.24,9.13,1497.76,2488.24,1,0.954,0.415,12.311
44.53,37.58,962.92,93.12,0,5.688,2.051,0.194
55.78,18.26,1497.0,590.09,1,2.597,0.881,13.054
24.02,33.72,826.26,146.98,0,5.743,2.314,1.44
55.07,34.24,1154.84,2492.69,0,5.131,1.618,0.0
15.13,15.68,1249.81,1898.01,0,2.986,1.853,0.439
44.94,22.33,449.79,493.9,0,4.03,1.369,2.415
56.2,17.18,1366.93,1253.6,1,2.177,0.868,13.356
35.37,22.13,171.17,1480.67,0,4.251,1.606,0.475
13.28,14.14,1144.03,2288.21,0,2.912,1.378,1.704
57.88,15.31,752.84,500.61,0,2.9,0.862,9.54
37.3,7.15,1415.63,1407.72,0,1.922,0.769,5.906
20.14,9.13,787.35,1333.95,0,1.975,1.122,1.135
55.58,33.11,1109.4,966.07,0,5.52,1.683,1.284
50.46,20.63,547.78,1391.42,1,3.058,1.339,11.572
56.61,14.49,516.34,2308.84,1,2.671,0.733,14.0
40.59,7.82,1059.34,1763.38,1,1.453,0.978,12.065
17.03,24.23,345.63,1343.61,0,4.756,2.327,0.509
37.91,29.1,439.67,537.44,1,5.226,2.157,4.871
32.94,14.79,810.84,588.16,0,2.877,1.37,1.835
32.92,17.81,1158.03,1470.46,1,3.967,1.555,8.313
5.79,25.87,956.4,1281.39,0,4.786,2.191,0.932
19.15,27.52,294.75,2200.2,0,3.845,2.184,1.102
19.81,10.05,1365.74,1650.52,0,1.562,1.485,0.873
9.84,21.06,663.4,793.51,0,3.704,2.193,0.0
25.83,23.35,213.11,2039.99,1,3.211,1.561,5.841
29.68,19.2,1112.84,903.02,0,2.615,1.552,1.614
42.73,30.36,1145.43,1190.99,1,4.681,1.799,5.743
33.58,26.68,67.96,520.36,0,4.473,1.938,2.409
29.96,23.77,1195.25,983.4,0,3.994,1.742,0.863
13.04,24.64,670.84,232.48,0,4.84,2.18,0.0
17.98,36.66,472.2,2411.99,0,6.157,2.747,0.0
22.62,13.66,977.51,833.27,0,2.441,1.437,1.706
13.17,33.99,753.11,987.04,0,5.455,2.765,0.068
19.15,20.93,1051.11,1341.76,0,3.576,1.734,1.313
27.23,16.55,1452.08,590.57,0,2.876,1.526,1.144
17.68,31.05,271.14,1228.5,0,5.3,2.511,0.0
19.03,34.79,398.55,2492.35,0,5.506,2.457,0.0
48.1,25.87,1118.43,1431.78,1,3.574,1.517,9.361
24.95,37.48,1093.13,1177.91,0,6.535,2.805,0.703
26.03,13.71,189.61,266.62,0,2.455,1.438,1.857
48.02,7.3,469.05,499.76,1,1.015,0.63,14.0
47.25,25.32,875.69,231.78,0,3.565,1.354,4.664
44.4,21.04,1365.36,757.24,0,2.723,1.58,2.215
36.97,7.47,1182.31,1034.95,1,0.954,0.674,13.054
8.48,34.35,1455.68,1781.98,0,6.193,2.833,0.118
52.3,35.61,687.2,2208.86,0,5.375,1.849,1.634
39.48,22.12,1201.06,1196.17,1,3.864,1.493,8.259
56.72,16.17,1356.82,1213.37,1,3.141,1.039,12.158
14.96,7.45,652.5,465.45,0,1.109,1.422,2.265
11.43,35.25,1390.79,2358.23,0,5.884,2.894,0.0
54.62,38.21,569.02,930.44,0,5.764,2.13,1.809
22.34,28.85,671.39,619.63,0,5.24,2.479,1.794
57.79,18.99,397.45,409.21,0,2.556,0.604,9.355
46.6,11.48,118.91,1765.96,0,1.894,0.594,5.283
17.37,18.92,860.52,1342.47,0,3.269,1.831,0.0
39.46,10.15,1225.01,666.58,1,1.323,0.658,13.911
23.77,37.71,1271.16,1464.46,0,6.828,2.799,0.026
50.12,7.38,1320.31,623.48,1,1.706,0.485,14.0
40.38,6.06,132.25,2203.04,0,1.688,0.714,6.411
45.12,5.78,1247.63,368.71,1,1.858,0.604,13.199
20.75,24.81,1101.16,1163.45,0,4.172,2.149,0.79
6.21,21.89,1343.18,2057.62,0,4.637,2.343,0.772
27.72,17.57,169.43,539.36,0,2.941,1.404,0.504
44.43,15.97,630.1,2128.02,0,2.402,0.967,3.493
55.18,12.51,370.18,2128.79,1,3.013,0.667,13.69
21.94,22.52,160.31,891.26,0,3.257,1.927,0.0
30.24,6.82,966.3,1063.71,0,1.445,0.859,3.597
53.49,37.43,981.36,624.79,0,5.639,1.813,1.197
18.81,36.19,1253.1,727.44,0,6.286,2.461,0.0
42.46,17.76,1468.69,1187.79,1,3.288,1.25,11.617
53.58,31.21,456.42,1129.91,0,4.581,2.05,0.845
39.67,15.74,170.03,426.67,0,2.987,1.387,2.612
11.36,11.11,759.49,2086.39,0,2.474,1.57,0.185
40.88,8.19,1460.22,1769.87,0,2.652,1.289,4.066
7.29,23.36,1435.38,625.0,0,4.542,2.13,0.909
20.5,7.55,429.96,1842.76,1,1.9,1.08,9.875
53.64,34.05,401.18,266.7,1,5.001,1.75,8.348
44.29,32.42,756.93,280.94,0,5.354,1.997,0.0
16.83,38.3,1274.32,1700.33,0,6.324,3.113,0.321
43.04,38.03,1195.54,1873.33,0,5.879,2.124,0.0
36.55,19.42,432.37,919.94,0,3.89,1.497,1.475
49.5,33.27,618.13,1450.08,0,4.91,2.195,1.503
41.97,27.42,427.4,2038.15,0,3.64,1.437,1.153
50.4,12.07,1483.5,1511.8,0,1.651,0.847,6.114
45.13,23.25,10.45,2457.15,1,3.696,1.434,9.492
9.55,14.14,539.76,130.33,0,2.727,1.864,1.18
31.07,9.95,1426.94,1874.85,0,1.916,0.824,3.401
8.37,31.57,976.43,1077.02,0,5.923,2.902,0.0
20.72,27.09,212.63,1086.55,0,4.576,2.099,1.414
20.45,17.14,48.72,1777.26,0,3.19,1.775,0.669
30.75,26.34,1378.99,2458.15,0,4.09,1.967,0.31
23.11,12.61,984.34,695.15,0,2.51,1.313,1.877
17.78,23.63,1432.1,222.21,0,4.033,2.234,0.517
52.3,17.15,1291.32,2103.54,1,2.466,0.751,10.539
7.98,8.18,236.63,657.71,0,1.76,1.181,2.679
30.46,34.67,538.86,931.63,1,5.133,2.252,1.979
40.42,37.9,915.76,669.22,1,5.462,2.138,3.531
15.48,18.08,452.84,130.81,0,4.757,1.715,0.446
30.16,14.81,568.56,307.44,0,3.266,1.446,3.183
23.81,8.08,1434.03,236.78,0,1.973,1.107,3.239
52.43,22.17,1037.72,82.01,0,3.229,1.277,4.813
7.78,31.21,1368.71,457.84,0,5.742,2.722,0.639
8.34,14.21,468.81,1685.07,0,3.388,1.936,0.46
30.88,39.03,1339.52,1215.65,0,6.417,2.632,0.076
43.93,26.93,469.83,124.31,0,3.848,1.618,1.692
53.03,37.53,971.66,2151.79,1,5.506,1.894,4.356
32.89,37.24,1051.33,2403.73,0,6.04,2.257,0.0
58.06,28.11,328.01,2244.09,0,3.946,1.478,2.139
41.9,13.03,821.99,719.23,0,2.647,1.061,4.689
57.4,27.53,1423.02,744.16,0,3.211,1.2,3.871
52.03,16.82,1144.28,1573.9,0,1.866,0.803,5.776
54.25,22.7,368.3,1886.01,1,3.841,1.394,11.598
6.69,18.71,262.66,1618.89,0,3.306,1.988,0.0
53.42,5.55,21.74,888.36,1,0.72,0.405,14.0
41.17,18.81,1300.37,2307.1,0,2.198,1.191,3.129
12.85,7.46,179.68,1848.27,0,1.963,1.31,0.469
9.6,37.49,98.07,1792.11,0,6.451,2.704,0.752
11.48,14.5,377.6,1125.24,0,3.972,1.978,0.936
31.91,5.99,14.75,615.56,1,0.286,0.462,12.789
8.73,19.7,416.08,1766.07,0,3.637,2.216,0.0
27.93,30.31,52.55,202.14,1,5.611,1.948,5.624
13.93,38.35,569.79,689.66,0,6.507,2.904,0.169
7.43,19.23,1169.13,95.61,0,3.818,2.151,0.576
10.99,17.83,1185.32,306.86,0,3.536,1.731,0.0
9.84,7.93,935.11,2183.16,0,1.771,1.394,1.774
54.53,39.73,279.44,2131.48,0,5.905,1.99,1.768
41.24,6.43,1437.45,476.28,0,1.171,0.7,7.82
40.12,6.3,845.47,648.95,1,1.687,0.605,12.837
58.9,5.52,107.79,962.71,1,0.58,0.1,13.868
35.72,28.96,1002.16,127.6,0,4.888,2.041,0.078
56.33,14.37,1474.3,747.08,1,2.355,0.978,11.838
40.93,34.7,1384.86,112.14,1,5.521,2.406,4.125
29.61,31.34,493.72,756.02,0,5.025,2.447,0.0
43.46,32.83,204.15,567.3,1,5.24,2.01,4.761
28.75,10.78,1391.53,2215.08,0,2.141,1.149,1.832
15.58,28.9,759.83,637.69,0,5.141,2.357,0.0
8.04,38.86,1330.35,782.66,0,7.242,3.234,0.0
55.81,34.34,1135.63,1341.86,0,4.962,1.698,2.404
25.18,12.11,1063.3,1477.59,1,2.311,1.095,7.928
51.07,7.04,1374.66,1300.52,1,1.114,0.348,12.794
28.87,22.52,1364.94,1065.94,0,3.531,1.808,0.239
8.69,12.51,1491.85,685.74,0,3.374,1.75,0.05
35.6,5.65,386.86,533.74,0,1.72,0.91,4.875
9.87,11.0,1230.88,1526.48,0,2.061,1.515,0.27
44.93,18.19,54.21,1887.32,0,2.895,1.179,3.703
26.55,28.39,1355.67,659.3,0,4.329,2.239,1.079
48.97,10.76,986.41,2403.63,0,1.72,0.764,5.866
10.7,12.62,941.94,2479.43,0,2.572,1.658,0.312
6.45,11.53,156.67,201.71,0,2.83,1.638,2.219
11.77,32.87,543.52,1070.21,0,5.24,2.793,0.458
56.81,12.25,249.23,2437.34,1,1.122,0.294,14.0
20.1,9.05,1394.41,1076.21,1,1.571,1.318,9.848
37.39,34.54,959.45,2016.78,1,5.16,2.403,2.296
26.46,29.66,105.69,584.69,0,4.704,2.152,0.493
16.89,9.83,586.83,742.64,0,2.381,1.461,0.512
13.75,15.32,104.8,1837.45,0,3.282,1.668,0.0
37.67,38.05,1069.18,889.17,0,5.819,2.497,0.0
30.52,12.05,1051.94,1007.11,0,2.295,1.182,3.575
57.77,33.24,36.44,607.68,1,5.034,1.763,10.134
50.62,22.28,587.63,87.98,1,2.961,1.279,12.883
50.09,32.28,103.75,1767.21,1,5.482,1.928,7.307
8.64,16.02,1001.11,1270.49,0,2.766,2.012,0.0
29.84,18.93,580.38,498.28,0,3.783,1.533,2.313
5.18,9.38,360.77,2318.51,0,1.61,1.468,0.579
51.68,29.1,213.09,120.78,1,4.593,1.479,11.424
19.08,38.6,1190.42,1899.38,0,5.833,2.559,0.0
28.57,17.58,1497.16,1065.42,0,2.965,1.432,1.425
17.99,18.35,342.36,2317.76,0,3.322,1.802,0.233
9.84,30.97,1313.01,2040.17,0,5.182,2.535,0.575
57.72,28.44,776.12,310.63,0,4.677,1.654,3.386
36.16,31.95,991.29,2429.19,0,5.275,2.022,1.396
30.27,10.49,1220.54,771.83,1,2.567,1.123,10.927
47.69,34.06,209.16,122.39,0,5.029,2.069,1.732
31.91,36.95,145.44,398.84,1,5.164,2.427,4.034
51.58,28.76,404.17,1148.81,1,4.913,1.719,9.242
49.57,6.25,1208.96,1728.47,1,1.217,0.728,11.917
6.26,24.96,285.99,1024.85,0,4.644,2.473,0.103
31.91,21.32,1190.85,1268.39,0,3.937,1.49,1.229
6.99,37.88,943.01,493.66,0,6.709,3.144,0.257
26.28,24.25,906.86,2260.04,0,3.733,1.857,1.132
25.35,21.32,128.11,1044.03,0,3.891,1.606,0.902
48.94,21.56,1060.29,741.95,0,3.927,1.475,3.155
17.61,14.55,879.43,1569.64,0,2.366,1.637,0.341
37.33,38.73,1111.67,1373.9,0,6.029,2.299,0.0
30.65,28.08,511.86,812.71,0,4.31,2.12,0.0
50.45,29.75,967.3,550.84,0,5.158,1.681,0.646
49.68,26.93,22.44,1386.29,1,4.707,1.415,11.193
8.64,10.93,717.68,1433.75,0,2.843,1.698,0.27
48.88,29.06,476.1,2331.32,1,4.631,1.632,6.307
13.22,12.17,1416.67,566.67,0,2.659,1.569,3.064
41.26,9.82,1186.68,927.45,0,1.501,1.147,6.427
8.66,20.52,1484.39,1476.64,0,4.083,2.153,0.0
9.43,22.91,631.38,1398.22,0,4.716,2.232,0.0
56.55,23.98,427.79,975.51,1,3.878,1.271,12.49
52.31,37.81,921.82,2269.51,0,5.936,2.045,0.689
30.09,17.23,954.82,182.11,0,3.031,1.524,2.236
16.47,30.33,420.44,857.61,0,4.723,2.43,0.218
17.34,15.97,836.87,1737.79,0,3.247,1.818,1.503
20.97,32.51,141.64,624.66,0,6.776,2.661,1.788
24.31,27.36,1403.99,2310.69,0,4.197,2.092,0.043
8.77,20.35,118.6,669.04,0,3.315,1.855,2.332
22.9,19.32,1413.14,186.6,0,2.866,1.584,0.415
7.7,20.9,806.15,546.81,0,3.869,2.163,0.0
8.02,24.71,1047.57,1930.22,0,5.179,2.409,0.0
52.72,34.03,897.23,2385.35,0,5.102,1.672,1.312
42.38,12.79,208.91,2456.75,0,2.827,1.112,4.545
46.9,15.9,1034.69,2015.36,1,2.377,0.907,11.965
42.47,30.6,929.81,1388.86,1,4.455,1.538,7.232
22.33,18.74,356.7,975.56,0,4.111,1.686,2.867
41.61,27.39,1151.91,514.13,0,4.949,1.798,1.115
53.44,39.45,1456.95,1144.06,0,5.404,1.935,0.838
55.97,23.11,656.53,1232.72,1,3.684,0.996,11.89
27.6,34.92,1208.46,196.62,0,5.459,2.385,0.025
53.51,5.74,281.15,648.54,1,0.361,0.25,14.0
45.96,27.82,527.64,2408.66,0,4.629,1.8,1.297
16.78,27.8,1369.32,896.82,0,4.433,2.39,0.0
35.98,23.76,501.84,313.19,1,4.148,1.748,6.909
20.49,7.85,897.21,190.75,0,2.062,0.998,1.535
16.47,13.69,151.74,1674.11,0,2.35,1.406,0.776
32.36,25.88,1352.03,417.35,0,4.546,1.715,0.0
39.51,6.21,877.03,1381.89,0,1.0,0.957,7.795
6.41,23.0,260.01,2468.77,0,4.506,2.358,0.94
22.06,24.43,943.69,1944.42,0,4.317,1.971,1.575
26.27,39.6,1448.07,1843.33,0,6.56,2.697,1.025
17.54,39.01,353.8,2452.53,0,6.365,2.71,1.036
44.44,25.39,368.44,553.75,0,4.288,1.554,1.689
17.39,36.85,141.22,803.55,0,6.456,2.874,0.0
37.47,26.53,436.85,1796.77,0,3.955,1.8,1.039
50.54,24.93,1100.73,2174.92,0,4.107,1.344,0.527
56.02,18.56,1161.17,1509.28,0,3.563,1.192,5.41
14.66,32.09,301.28,934.77,0,5.036,2.449,0.433
17.5,10.64,1410.14,1139.09,0,1.239,1.297,1.345
19.97,11.48,710.47,1718.72,0,2.518,1.244,1.971
23.77,27.83,1423.48,2366.66,0,5.414,2.443,0.0
20.48,31.08,1431.77,311.66,1,4.894,2.402,1.394
43.7,7.97,549.93,2399.7,0,2.053,0.533,6.063
30.94,39.74,892.38,323.23,0,6.153,2.615,0.0
7.79,32.77,189.92,475.9,0,6.33,2.767,1.437
16.11,12.61,1418.81,1148.19,0,3.082,1.607,1.419
18.72,31.72,1320.67,411.02,0,6.161,2.733,0.0
47.47,10.53,354.81,1407.08,0,1.901,0.956,5.943
12.21,32.36,1306.88,1086.95,0,6.113,2.407,0.459
10.2,15.27,471.76,720.48,0,3.061,2.057,0.613
39.92,11.95,1088.03,2161.21,1,2.504,1.051,11.601
9.68,18.07,985.58,1009.31,0,4.014,2.194,1.405
43.65,25.41,361.14,1996.96,0,4.205,1.773,1.097
14.83,25.55,897.52,668.38,1,4.642,2.162,2.142
39.78,17.31,1218.86,1914.5,1,2.729,1.294,9.852
24.15,30.93,1424.56,191.81,0,5.859,2.506,0.028
9.25,21.7,1217.85,1639.19,0,3.657,2.127,0.0
43.43,20.37,1409.58,1795.82,0,3.315,1.246,3.215
5.17,28.83,328.13,989.61,0,4.405,2.788,0.0
46.43,29.97,588.83,2093.67,0,5.056,1.705,0.617
54.69,39.12,1161.02,1584.65,0,5.815,2.082,1.515
16.54,7.28,1247.26,790.61,0,1.912,1.384,2.27
31.57,38.68,623.15,1975.72,0,6.24,2.679,1.814
44.57,12.58,644.4,915.96,1,2.144,0.875,12.778
21.55,9.28,201.31,828.34,0,1.87,1.201,1.724
37.88,28.31,1055.51,997.28,0,5.134,1.879,0.429
6.64,13.47,240.67,1960.22,0,3.3,1.823,0.868
22.68,27.75,903.82,1844.68,1,4.337,2.086,2.609
21.15,20.74,1068.14,1420.42,0,2.768,1.708,0.058
41.86,39.04,792.4,2409.6,0,6.657,2.318,0.0
39.37,31.93,623.3,1633.65,0,5.001,1.834,1.702
42.58,20.82,349.76,1057.62,0,3.143,1.369,4.467
53.29,28.5,1236.5,2056.37,1,4.446,1.338,8.029
56.47,6.61,1100.95,1580.25,1,0.17,0.424,14.0
10.72,23.29,658.44,1993.22,0,3.902,2.023,0.082
40.07,33.66,719.13,1698.42,0,5.761,2.311,0.151
23.7,22.67,1003.89,2236.87,0,3.633,1.923,0.003
22.48,19.76,353.77,2370.46,0,3.105,1.949,0.0
50.46,13.98,153.02,2431.05,1,2.039,0.885,12.847
34.09,21.11,201.21,1945.39,0,3.448,1.514,1.513
29.38,32.3,1247.88,2221.54,0,5.359,2.385,0.063
15.57,29.97,1253.2,761.49,0,5.652,2.451,0.752
45.71,9.69,675.54,2040.29,0,2.016,0.984,6.763
52.72,16.45,135.11,2337.68,1,2.204,0.703,13.13
41.68,18.86,1224.72,1122.28,0,3.3,1.366,2.967
44.66,19.27,1030.67,463.51,1,3.258,1.301,12.339
11.02,38.68,1005.38,648.7,0,7.37,3.297,0.0
22.4,33.34,1083.56,1190.17,0,5.839,2.396,0.0
30.79,14.13,1025.68,339.92,0,3.408,1.228,2.415
47.97,27.46,160.98,1892.85,0,4.53,1.668,1.384
10.4,13.32,510.02,647.27,0,2.854,1.908,0.312
16.4,20.49,592.48,268.95,0,3.784,2.066,0.0
57.34,25.69,1359.53,1200.46,0,3.413,1.434,2.596
12.86,19.41,359.55,932.09,0,3.121,1.743,0.0
45.29,22.27,945.9,196.48,1,3.589,1.408,11.289
27.57,23.24,10.42,1169.86,0,4.277,1.723,1.081
53.22,9.57,491.74,579.05,1,1.038,0.374,14.0
8.77,14.26,610.85,321.95,0,2.679,1.927,1.617
45.5,25.07,787.59,277.05,1,4.136,1.449,10.288
57.25,26.0,1475.52,1637.65,1,3.477,1.284,11.974
43.55,37.77,22.8,1991.28,1,6.663,2.151,3.929
25.01,6.21,946.22,385.14,0,2.191,1.228,3.676
58.19,37.27,1392.62,1785.94,0,5.88,2.086,0.956
49.14,9.89,1105.77,1662.32,1,1.656,0.82,13.811
42.31,30.65,558.3,1400.07,1,5.1,2.22,5.245
19.72,20.13,1103.74,1393.07,0,3.992,2.082,0.0
46.43,39.78,1068.88,1783.21,0,6.191,2.556,1.032
54.86,12.1,512.01,575.33,1,1.416,0.388,12.155
40.13,6.75,406.56,746.9,0,0.909,0.785,7.975
26.09,24.69,946.4,1268.56,0,4.448,1.593,0.0
58.91,31.26,1086.09,1795.76,1,4.405,1.628,8.771
8.23,33.71,535.35,621.96,0,5.796,2.693,0.182
22.7,36.83,1327.04,544.89,0,6.844,2.618,0.0
57.92,29.59,864.78,1295.65,1,4.501,1.585,10.892
39.06,39.82,633.34,1009.19,0,5.649,2.087,0.0
10.37,6.34,962.3,2425.98,0,1.951,1.366,0.458
35.87,17.41,722.48,1220.29,0,2.575,1.419,1.321
59.9,8.79,389.31,1847.82,1,1.366,0.493,14.0
56.11,30.08,1331.31,284.18,0,4.591,1.588,3.581
22.0,21.66,290.73,758.14,0,3.414,1.724,1.356
18.71,23.79,967.61,2483.51,0,4.491,2.322,0.986
19.77,15.07,1425.1,1986.72,0,2.818,1.589,0.42
17.01,35.79,68.26,2060.35,0,6.09,2.771,0.0
15.65,21.53,394.96,373.47,0,4.003,2.335,0.0
21.69,5.27,1418.27,2025.4,0,1.087,0.813,2.664
48.21,11.22,201.57,1080.99,1,1.37,0.683,13.424
34.0,26.11,755.39,156.31,0,5.608,1.982,0.061
17.31,27.38,1448.54,1005.18,0,5.897,2.303,1.619
50.99,32.06,229.0,1722.07,1,4.871,1.756,7.445
28.97,12.35,104.41,1112.82,0,2.66,1.386,1.633
13.45,9.02,419.36,1407.53,1,1.89,1.263,8.422
39.49,20.43,219.8,2373.99,1,2.85,1.4,9.446
7.94,7.73,4.41,289.84,0,1.85,1.468,1.283
6.23,27.66,732.1,1372.78,0,6.129,2.365,0.0
47.93,34.51,716.95,535.97,0,5.4,2.019,0.0
21.94,19.83,1474.07,1855.18,0,2.768,1.799,2.029
39.09,6.86,1378.68,973.08,1,1.113,0.42,11.123
29.51,37.58,3.64,2103.8,0,6.141,2.631,0.0
59.67,38.01,666.79,1412.7,0,6.238,1.713,0.0
9.83,17.02,292.78,1452.97,0,3.439,1.95,0.64
59.17,31.05,561.68,2374.06,0,4.257,1.549,2.735
43.2,11.97,524.92,1883.52,0,1.482,0.77,5.152
59.84,32.52,795.09,545.55,1,4.274,1.525,10.652
15.2,8.34,166.55,2222.84,0,1.91,1.134,1.406
21.19,29.83,1415.91,719.03,0,4.472,2.392,0.0
11.49,14.52,812.65,1227.6,0,2.65,1.871,1.023
59.43,22.69,279.06,653.03,1,3.398,1.229,12.972
21.07,27.16,635.02,892.68,0,5.152,2.117,0.054
18.64,34.51,1258.33,496.27,0,5.733,2.374,0.0
34.9,21.27,630.85,1706.84,0,3.381,1.508,2.166
53.61,22.65,791.47,2492.3,0,3.328,1.093,3.378
34.99,11.42,1277.99,1981.34,1,2.543,1.219,10.954
5.84,17.62,236.31,615.3,0,3.616,1.967,0.317
22.88,22.39,1430.38,1519.79,0,4.162,1.665,0.226
39.71,19.89,1440.31,1291.6,0,3.704,1.46,1.503
31.25,24.53,385.83,555.21,0,3.895,1.64,2.292
16.75,39.49,460.08,1776.49,0,6.21,2.865,0.0
24.24,8.53,936.02,2240.11,0,1.977,1.355,1.707
28.53,21.6,1355.0,224.47,0,4.122,1.951,1.011
5.61,5.16,340.85,1889.42,0,1.543,1.369,0.452
39.28,9.2,627.69,1046.34,0,1.05,0.683,8.29
51.8,14.23,1467.97,842.35,0,2.173,0.792,5.327
14.19,38.04,1453.5,2485.38,0,6.359,2.916,0.471
48.63,34.96,1060.13,787.23,0,5.46,2.097,0.868
26.86,5.05,670.32,1331.59,0,1.216,0.79,4.089
19.52,30.26,454.92,1575.64,0,5.784,2.558,0.0
36.61,8.6,1429.56,2064.46,1,1.085,0.801,12.917
14.84,23.56,758.86,950.83,0,3.457,2.073,0.508
21.81,18.14,1324.41,1991.04,0,3.561,1.604,0.324
49.74,33.64,1222.82,589.23,0,5.145,1.809,1.074
29.03,22.57,670.57,2423.17,0,3.758,2.065,1.557
57.96,31.11,180.82,1300.64,0,4.346,1.745,1.9
20.02,30.29,639.71,439.62,0,4.774,2.312,0.0
18.07,36.73,1174.53,2497.03,0,6.723,2.855,0.609
34.47,28.67,1472.65,2004.48,1,4.419,1.849,3.445
49.53,27.85,678.96,1540.44,0,3.956,1.333,1.167
48.76,17.84,1294.34,1723.65,0,2.213,1.164,4.223
18.03,23.28,392.57,1876.9,0,4.339,2.459,0.0
15.79,9.54,1359.79,254.12,0,2.167,1.363,1.316
23.29,32.53,437.02,2148.03,0,5.88,2.378,0.367
27.11,6.43,591.82,165.34,0,1.361,0.765,5.269
15.37,9.31,1096.82,155.55,1,1.494,1.191,9.684
14.69,19.78,1286.91,60.39,1,2.924,1.942,4.282
45.8,20.24,305.63,2471.73,0,3.115,1.269,2.212
21.89,39.26,801.78,353.24,0,6.799,2.731,1.268
56.03,27.72,799.65,674.01,1,3.657,1.4,13.847
34.36,20.45,1319.13,1105.59,1,3.505,1.531,7.002
6.83,38.32,858.77,1361.21,0,6.133,3.099,0.654
44.57,38.6,449.25,1955.94,0,6.962,2.382,0.208
14.95,24.88,185.86,1764.68,0,4.28,2.339,0.451
27.79,15.03,711.48,1981.72,0,2.281,1.488,0.281
29.0,19.53,87.9,2292.0,0,3.346,1.455,1.447
7.37,37.32,1302.81,468.74,0,5.684,2.728,0.0
54.86,28.05,724.34,2202.61,1,3.844,1.682,10.06
20.46,14.76,804.99,1175.92,0,2.873,1.65,1.418
38.24,22.41,387.26,1467.16,0,4.209,1.632,2.416
19.07,29.49,1245.76,172.92,0,4.733,2.188,0.867
37.3,19.59,1156.06,1069.53,1,3.115,1.569,9.993
51.87,25.78,242.89,2120.72,0,3.186,1.464,1.763
14.91,39.89,1402.04,1019.18,0,7.071,3.038,0.049
28.15,9.73,574.83,1202.3,1,1.753,1.019,10.395
33.9,28.78,229.71,2427.53,0,4.313,1.897,1.289
10.73,35.53,150.4,2337.09,0,6.575,2.81,0.2
37.78,23.79,1062.9,218.41,0,3.407,1.765,1.311
59.97,22.25,371.37,919.82,0,3.99,1.316,4.204
49.39,16.33,1054.09,341.93,0,2.111,0.931,5.59
33.52,23.43,1118.73,342.42,0,4.394,1.808,0.0
16.16,31.35,13.57,380.39,0,5.057,2.575,0.285
10.89,31.84,1273.23,2033.35,0,5.343,2.908,0.0
53.22,27.28,1202.65,1795.54,0,4.26,1.421,1.632
45.61,26.98,619.68,690.33,1,4.349,1.83,7.491
47.28,33.16,1103.06,354.99,0,5.439,1.913,0.986
30.74,8.12,754.82,806.42,0,1.483,1.141,4.443
7.62,24.32,833.79,1033.55,0,4.35,2.344,1.382
36.46,39.4,252.64,798.84,0,6.526,2.672,0.0
32.84,16.81,750.02,632.36,0,2.296,1.331,2.573
7.44,32.24,267.61,2448.79,0,5.625,2.96,0.678
26.23,20.42,1228.1,525.93,0,3.214,1.612,0.255
40.68,15.24,216.01,274.34,0,2.621,1.321,4.842
12.35,18.51,795.19,1800.63,0,3.182,1.754,0.0
19.88,33.69,1212.32,347.72,0,5.563,2.69,1.685
17.35,26.7,1382.67,385.46,0,4.521,2.043,0.545
45.68,31.25,938.9,505.59,0,4.035,1.816,1.266
26.23,17.44,640.03,1481.95,0,2.99,1.75,1.56
40.29,15.54,724.83,316.4,0,2.396,1.21,3.99
26.97,11.54,1370.01,1363.97,1,2.068,0.993,8.333
28.56,39.16,1254.18,1210.57,0,6.113,2.708,0.038
11.79,17.92,765.19,1114.89,0,3.303,2.146,0.379
28.57,32.84,1383.67,58.79,0,4.793,2.454,1.0
59.91,18.61,426.76,1140.91,1,2.675,0.807,13.451
46.35,24.18,122.46,1805.27,0,3.319,1.504,1.406
43.09,35.25,1469.91,2423.07,0,6.01,2.354,0.0
49.4,12.28,1285.61,256.28,1,2.25,1.008,12.806
8.49,24.06,857.24,1605.49,0,3.637,2.038,0.0
48.99,13.55,58.01,1563.64,0,2.116,1.042,5.506
48.72,39.41,1012.51,2304.47,1,6.236,1.919,3.124
41.29,37.23,982.85,1595.87,0,5.501,2.017,1.185
55.29,21.16,223.12,1380.57,1,3.449,1.131,13.404
8.47,14.61,333.95,785.23,0,2.634,1.666,0.752
9.94,26.48,420.7,1099.92,0,5.047,2.569,0.359
55.68,35.3,1382.3,2055.84,1,4.238,1.859,8.496
27.58,27.63,108.97,495.9,0,4.687,1.873,0.199
56.99,34.37,120.89,2362.44,1,4.458,1.899,8.679
31.18,34.26,404.25,1274.18,1,4.942,2.055,2.959
28.87,10.43,688.37,971.12,0,1.957,1.244,3.271
49.36,21.83,582.64,2408.42,1,3.824,1.388,9.693
30.56,13.69,549.97,2069.97,0,2.148,1.343,1.18
14.8,6.98,945.15,252.77,0,2.239,1.754,1.365
28.61,8.39,518.52,1211.67,1,1.475,0.978,10.542
16.4,38.81,849.28,73.36,0,7.081,2.682,0.518
54.74,34.75,769.53,2346.32,0,4.678,1.948,1.051
51.87,36.55,583.69,822.39,1,6.353,1.909,6.434
11.9,10.72,275.2,2197.49,1,2.242,1.484,4.629
24.02,14.38,203.38,1511.15,0,2.66,1.224,2.662
49.67,14.39,438.19,1232.7,0,2.217,0.824,7.046
6.3,20.17,1335.63,1838.86,0,3.622,2.117,0.0
5.18,34.1,1473.94,353.91,0,5.741,2.619,0.0
15.2,24.26,158.35,2154.3,0,4.248,2.314,0.999
56.2,25.66,1380.37,910.22,0,4.115,1.163,3.339
31.48,34.76,452.21,1193.32,0,6.075,2.314,2.161
14.62,18.33,339.92,1987.89,0,3.262,1.912,0.204
16.74,35.49,140.8,1192.82,0,6.28,2.778,0.0
12.48,39.69,291.05,1859.4,0,7.201,3.338,0.0
36.54,22.19,170.58,2417.44,0,3.374,1.52,1.026
16.08,28.01,447.28,1367.63,0,5.497,2.393,0.0
39.09,32.8,1463.14,347.34,0,5.367,2.152,0.0
58.76,12.13,1362.76,759.87,1,1.539,0.658,13.456
39.05,17.85,1199.28,1888.45,0,2.754,0.927,2.258
17.95,6.72,1135.77,1655.42,0,0.946,1.202,2.904
14.02,38.27,709.37,374.66,0,6.179,2.884,0.0
20.5,21.12,429.79,1069.24,0,4.325,1.763,1.041
31.42,22.03,631.42,851.45,0,3.694,1.733,0.831
16.71,7.55,919.81,945.03,0,1.887,1.367,2.862
5.4,35.96,779.93,1016.48,0,6.097,3.009,0.0
48.5,17.7,810.3,2290.4,0,2.449,1.176,3.858
35.84,12.73,482.78,690.31,0,1.879,1.089,4.464
44.97,19.74,231.75,916.23,0,3.978,1.101,3.369
26.78,20.05,927.34,553.18,1,3.556,1.997,6.405
17.48,26.54,1064.63,1336.42,0,4.468,2.099,0.696
38.43,22.4,1488.0,2348.36,0,3.4,1.571,0.186
27.93,14.8,1279.14,1186.6,0,2.411,1.445,1.321
20.44,9.51,949.22,189.3,0,1.687,1.113,3.406
51.83,9.79,821.63,1604.76,0,1.84,0.618,9.388
58.41,25.86,250.05,317.02,0,3.054,1.365,4.21
48.11,30.38,911.06,750.09,0,4.397,1.799,2.069
54.35,8.83,47.02,111.47,0,1.776,0.506,10.766
37.64,24.66,512.74,723.94,1,3.638,1.785,8.259
18.77,32.09,147.91,242.31,0,5.801,2.266,0.0
51.52,6.51,1482.42,2299.78,1,0.934,0.557,14.0
45.05,32.8,1146.07,1101.07,1,4.462,2.094,4.75
12.94,12.02,379.53,1910.67,0,2.716,1.555,0.629
59.07,32.86,1238.92,1115.35,0,3.936,1.481,1.78
56.74,26.22,595.01,1177.44,1,3.762,1.182,12.244
25.53,27.07,509.22,1584.56,0,4.702,2.07,0.551
29.64,9.01,965.64,1316.01,0,1.794,0.947,3.516
27.53,35.51,363.43,148.85,0,5.78,2.651,0.56
32.73,18.89,90.11,1620.05,1,3.494,1.291,8.066
19.77,18.45,773.04,339.06,0,3.018,1.72,2.018
13.81,35.03,1307.56,896.43,0,6.295,2.542,1.159
56.67,14.58,370.46,2177.55,1,1.889,0.866,13.439
41.9,34.96,692.76,985.06,0,5.577,2.289,0.562
59.22,12.59,97.84,2224.89,1,1.533,0.686,13.412
43.4,37.44,1474.16,506.17,0,5.449,2.335,0.0
22.86,15.65,186.98,1914.39,0,2.604,1.64,1.404
49.06,35.14,1122.43,1069.07,1,4.698,1.98,6.458
18.38,6.11,541.16,2466.37,1,1.513,1.222,9.306
59.93,22.65,125.27,2383.99,1,2.683,1.137,12.003
26.13,31.69,1355.36,643.76,0,5.368,2.324,0.155
27.9,15.49,159.68,231.75,0,3.319,1.395,1.321
43.03,7.41,99.06,1434.5,1,1.362,0.872,12.763
21.76,18.26,565.88,677.41,0,3.7,1.601,0.679
29.46,24.12,236.42,1124.9,1,3.71,1.919,6.586
24.18,6.75,1054.89,1440.27,1,1.734,1.428,9.247
6.31,11.23,1370.91,1273.28,0,2.065,1.365,0.222
37.33,25.5,263.73,985.75,0,4.405,1.909,1.769
36.66,25.46,1160.17,979.22,1,4.781,1.608,4.947
24.21,29.96,756.94,904.38,0,5.03,2.426,0.781
25.4,15.56,164.19,2195.36,1,2.21,1.144,9.186
7.09,24.08,654.53,2487.83,0,4.929,2.423,0.0
21.98,29.9,849.44,1005.0,0,5.672,2.13,0.917
45.52,27.14,420.58,1591.9,0,4.33,1.598,1.88
32.0,30.96,179.76,1397.78,0,5.614,2.271,0.0
15.18,7.43,859.34,1212.35,0,2.21,1.411,2.142
12.29,27.69,1266.83,1313.58,0,5.266,2.547,0.0
31.52,11.61,537.84,751.64,1,1.454,1.199,11.932
30.97,18.82,94.93,798.26,0,3.778,1.425,0.295
30.31,21.21,920.44,1386.01,1,4.59,1.707,5.75
37.45,9.38,1410.54,439.23,0,1.333,0.878,5.847
24.2,10.09,1464.24,871.39,1,1.949,1.417,10.289
26.7,8.39,1265.96,734.68,0,1.926,1.314,3.128
23.08,14.15,152.21,1516.82,0,2.5,1.359,1.497
39.25,30.13,747.7,1659.27,0,4.949,2.071,0.313
6.88,15.84,766.61,1278.68,0,3.434,1.914,0.176
43.71,24.04,219.3,2393.83,0,3.806,1.6,1.859
49.13,36.28,114.36,944.4,0,6.13,2.235,1.692
25.12,11.74,946.33,1817.62,0,2.044,1.495,0.793
6.63,15.86,99.17,575.71,0,3.396,1.801,0.0
43.68,25.46,1334.7,1974.39,0,4.416,1.728,1.12
39.9,5.47,708.35,2026.07,1,1.378,0.799,12.214
46.44,27.06,168.18,585.69,1,4.498,1.681,8.226
12.7,9.76,552.38,2276.72,0,2.382,1.54,0.324
36.45,38.18,995.62,2338.69,0,5.959,2.576,0.017
26.2,37.91,346.76,2124.02,0,5.989,2.521,1.276
8.42,17.88,334.44,1156.63,0,3.126,2.2,0.327
39.92,20.25,530.05,123.13,0,3.924,1.409,3.296
32.8,28.23,272.23,1061.37,0,4.117,2.032,0.762
49.26,24.28,37.05,1445.3,0,3.818,1.307,2.159
24.35,38.58,1474.75,243.8,0,6.075,2.74,0.816
27.47,35.92,1004.12,767.28,0,6.134,2.514,0.0
19.29,34.89,1268.86,324.93,0,5.67,2.609,1.092
31.83,21.73,982.01,867.77,0,4.406,1.417,1.046
31.14,23.68,352.29,759.4,0,4.294,1.906,0.653
8.92,10.99,973.96,505.06,0,2.526,1.467,1.719
57.74,34.5,744.72,151.93,0,4.941,1.727,1.622
50.27,19.67,356.47,873.85,0,2.83,1.224,5.141
51.71,30.0,625.71,139.78,0,4.125,1.597,2.54
31.91,15.0,575.91,2470.64,0,2.861,1.209,0.881
25.78,35.19,1477.62,2372.8,0,5.481,2.607,0.0
44.84,23.99,1289.81,1666.43,1,3.795,1.295,9.021
59.33,23.04,351.9,667.56,0,3.173,1.15,6.214
46.55,22.36,49.88,1654.4,1,3.542,1.355,10.288
10.02,5.7,907.78,1829.42,0,1.249,1.359,0.906
49.04,27.33,27.79,1551.44,0,4.129,1.493,1.198
30.01,17.64,1393.78,1883.75,0,2.518,1.415,0.93
5.69,25.83,1488.26,1031.81,0,4.831,2.587,0.084
18.99,31.82,694.89,1695.11,0,5.348,2.676,0.056
54.81,18.25,195.41,1206.78,0,2.316,0.882,5.026
31.8,9.08,982.61,1036.17,0,1.621,1.117,3.576
46.06,24.43,1314.11,1673.6,1,4.045,1.585,8.226
29.26,20.72,897.69,515.82,0,3.11,1.866,1.24
5.43,13.25,1208.58,2153.7,0,2.83,2.086,0.0
38.3,29.25,1138.28,1766.73,0,3.481,1.945,0.09
20.55,35.57,179.35,1238.21,0,6.579,2.655,0.514
12.64,31.07,897.63,930.3,0,5.757,2.505,0.479
42.74,32.74,508.51,568.79,0,5.444,2.127,0.0
38.64,23.89,1425.14,2416.48,0,4.077,1.714,0.068
18.6,34.35,1138.76,1138.23,0,5.702,2.598,0.639
7.59,38.31,150.47,736.74,0,6.976,2.958,0.918
49.84,22.53,488.13,1448.1,1,3.264,1.26,13.25
43.37,28.76,652.3,1203.08,0,4.068,1.501,0.802
12.03,9.64,1455.68,163.05,0,1.639,1.108,2.274
48.04,28.11,1116.31,919.47,0,4.746,1.591,1.031
26.21,30.24,1248.04,2170.06,0,4.996,2.133,1.034
48.17,32.65,272.5,1714.12,0,5.4,1.947,1.032
52.16,40.0,856.12,2280.6,1,6.281,2.206,4.084
13.63,36.67,1091.81,1347.83,0,6.989,2.749,0.0
31.47,9.48,446.0,1507.95,0,1.213,1.023,2.743
47.25,23.02,1419.22,1064.35,0,3.222,1.326,3.365
57.63,25.91,353.05,1997.03,0,3.748,1.498,2.158
41.49,7.01,1282.09,1174.9,0,1.506,0.773,6.407
41.0,35.99,1181.78,2348.3,1,5.747,2.218,0.793
57.57,39.61,1412.74,1814.84,0,6.059,2.19,0.019
11.97,15.0,1221.72,791.91,0,3.212,1.983,1.293
38.85,10.63,995.6,249.42,0,1.857,1.098,4.785
44.01,38.19,939.54,873.48,0,6.145,2.299,0.001
26.18,19.61,280.32,1371.35,1,3.645,1.731,5.471
37.27,15.37,136.19,1574.88,0,3.244,1.172,2.541
29.72,8.94,624.61,580.91,1,1.985,1.074,11.904
8.85,36.65,612.02,2166.08,0,6.529,2.953,0.0
26.13,8.59,480.44,898.75,1,1.452,1.067,11.084
5.1,28.31,626.15,1777.01,0,5.211,2.615,0.0
44.41,11.55,536.51,412.99,0,1.608,0.908,7.698
54.12,15.17,266.38,429.07,1,2.703,0.992,13.279
14.82,30.68,1036.29,905.91,0,5.93,2.507,0.0
53.92,32.86,391.9,468.4,0,5.379,1.91,1.544
18.59,14.13,676.49,2247.35,1,3.039,1.736,5.692
6.46,13.85,1221.55,1519.88,0,2.469,1.598,0.0
22.54,15.44,163.2,2472.4,0,2.826,1.6,1.704
29.29,23.53,1303.99,1794.73,0,4.202,1.747,0.0
51.17,25.04,1439.38,932.87,1,3.982,1.357,9.612
36.69,30.44,871.88,1193.77,0,4.2,1.684,0.814
9.62,8.67,820.1,1342.14,0,1.966,1.695,1.06
16.59,26.96,465.97,2494.31,0,3.816,2.319,0.0
44.88,11.94,25.25,1537.54,1,2.133,0.904,11.838
32.06,13.55,950.85,1989.04,0,2.72,1.324,2.958
38.39,5.97,11.37,954.95,1,0.801,0.822,13.036
12.87,6.26,1466.04,1595.73,0,1.778,1.293,1.492
36.9,19.49,167.76,625.47,1,2.773,1.282,11.586
22.58,19.28,1166.16,1069.89,0,3.109,1.699,0.0
7.61,12.3,22.28,601.74,0,2.922,1.361,1.071
25.51,39.35,1392.65,999.51,0,6.446,2.412,0.0
37.56,36.72,20.71,993.06,1,5.283,2.258,3.71
36.83,27.95,626.28,948.82,0,4.363,2.004,0.0
21.85,11.64,148.81,121.04,0,2.395,1.206,3.876
30.05,17.84,709.28,1383.95,0,3.5,1.421,2.241
23.04,25.43,1197.2,1479.35,0,4.205,2.081,0.0
30.91,6.12,445.81,1970.11,1,1.491,1.047,11.071
48.33,15.06,400.32,1454.92,0,2.621,1.087,5.38
39.98,13.28,750.99,1853.74,1,2.103,1.147,11.07
29.46,6.61,1178.52,2120.48,0,1.085,0.945,3.365
14.85,20.74,1013.73,464.3,0,3.727,1.913,0.239
17.5,35.76,1133.13,1775.28,0,5.662,2.809,0.36
46.59,18.5,1157.4,1262.29,0,3.904,1.579,2.455
20.84,32.58,1247.88,1733.23,0,5.475,2.376,0.0
43.4,29.28,802.52,1091.73,0,4.217,1.922,1.718
13.11,24.77,839.31,231.32,0,4.013,2.294,0.064
12.78,19.97,1032.77,1006.15,0,3.591,1.645,0.0
51.4,15.95,879.66,846.69,0,2.62,0.881,6.965
41.01,32.83,509.78,663.84,0,4.522,1.876,1.779
13.04,15.02,499.9,123.6,0,2.889,1.825,1.357
54.9,6.09,5.05,534.67,1,0.863,0.173,14.0
51.78,26.84,1401.62,2413.18,1,4.514,1.595,6.177
35.4,39.72,764.51,447.95,0,6.641,2.461,0.468
25.33,30.4,116.78,1010.5,0,5.034,2.237,1.51
17.23,20.74,1350.02,870.41,0,3.044,2.181,0.0
23.65,35.11,1000.06,1278.32,1,5.895,2.869,1.574
43.29,35.23,1456.74,1234.98,0,5.421,1.987,0.858
16.2,22.75,231.2,1198.71,0,3.698,1.869,0.556
46.44,17.73,590.61,699.44,0,2.995,1.155,5.536
58.49,11.82,356.42,106.87,1,1.8,0.79,14.0
45.09,30.52,540.83,1743.95,1,4.149,1.73,7.236
9.27,10.68,319.5,671.04,0,1.579,1.691,0.838
18.93,14.07,242.71,1592.29,0,2.286,1.507,2.61
11.52,26.61,936.26,217.54,0,4.223,2.157,0.044
37.25,26.7,137.36,1177.99,0,4.52,1.869,0.113
18.79,39.75,511.48,724.67,0,6.617,2.649,0.036
21.64,8.45,662.6,2385.42,1,2.094,1.062,10.059
6.58,27.08,1463.03,2020.39,0,4.523,2.541,0.118
40.22,27.2,868.98,469.74,1,4.621,1.648,7.702
42.84,22.23,432.67,1641.69,0,3.533,1.499,1.998
35.79,25.75,432.3,408.87,0,3.735,1.792,1.679
10.87,28.14,1236.42,1180.27,0,5.317,2.516,0.0
43.56,38.41,1165.68,565.02,1,6.298,2.293,4.307
56.07,19.11,835.22,1139.12,1,3.589,1.351,11.383
54.78,16.14,983.3,185.45,1,2.162,1.073,12.834
58.2,13.86,783.26,309.18,1,1.553,0.741,14.0
53.03,7.53,1491.09,1502.91,1,1.676,0.576,14.0
43.98,32.41,1482.13,1084.12,1,4.658,1.989,5.525
14.69,16.44,1324.86,1386.16,0,3.125,1.738,2.562
59.9,23.82,935.4,2322.02,1,4.182,1.21,10.835
17.06,28.21,158.55,728.15,0,4.717,2.394,1.687
26.16,16.52,918.89,235.69,0,2.75,1.455,2.057
56.7,24.99,1051.41,1001.81,0,3.575,1.206,3.353
59.69,21.56,599.84,858.78,0,3.411,1.139,4.475
22.05,12.59,1022.21,1089.3,1,2.913,1.336,8.389
56.63,13.7,69.08,201.62,1,1.649,0.604,12.571
13.92,34.27,568.94,1878.38,0,5.712,2.571,0.0
17.92,24.23,50.64,431.16,0,4.536,2.156,0.556
8.37,19.16,805.08,817.04,0,3.871,1.994,0.155
42.88,8.47,296.95,302.53,1,1.49,0.669,14.0
9.01,8.71,186.72,1565.1,0,2.106,1.662,0.0
35.48,17.46,1201.63,1979.95,0,3.002,1.013,2.146
29.1,27.42,1222.44,1636.88,1,4.39,1.763,5.586
21.93,9.29,1218.69,515.78,0,1.755,1.322,2.034
45.06,28.77,913.54,237.17,0,4.321,1.719,0.072
40.23,6.28,468.96,395.2,1,0.862,0.72,13.454
24.52,25.67,40.99,253.39,0,3.911,2.154,1.006
16.74,17.47,352.92,464.37,0,2.913,1.639,1.876
50.87,6.39,1424.06,2030.98,1,0.968,0.485,12.945
